"p_val"	"avg_log2FC"	"pct.1"	"pct.2"	"p_val_adj"
"Trpa1"	0	2.23605352286454	0.374	0.001	0
"Dst"	0	1.5893407572679	0.424	0.031	0
"Fev"	0	2.11137742691579	0.589	0.009	0
"Cryba2"	0	1.68985623898291	0.456	0.017	0
"Resp18"	0	1.36166942302259	0.264	0.007	0
"Pam"	0	1.48253503641578	0.415	0.025	0
"Rasal2"	0	1.80138522947793	0.459	0.027	0
"Lmx1a"	0	1.72839594221245	0.443	0	0
"Atf6"	0	2.29680140556265	0.573	0.049	0
"Vim"	0	4.3717991167611	0.856	0.01	0
"Slc38a11"	0	1.30551627464562	0.31	0	0
"Scn3a"	0	2.55980139746151	0.674	0.003	0
"Neurod1"	0	2.19562269975385	0.606	0.019	0
"Scg5"	0	1.72937755422669	0.456	0.015	0
"Prnp"	0	1.60709240805547	0.431	0.015	0
"Chgb"	0	7.52852667652623	0.991	0.086	0
"Snap25"	0	1.20546592121015	0.307	0.003	0
"Insm1"	0	2.18529881713049	0.615	0.027	0
"Nkx2-2"	0	1.56069445762564	0.445	0.019	0
"Celf3"	0	1.27138570859811	0.381	0.012	0
"Runx1t1"	0	1.3250242606957	0.321	0.01	0
"Cyp4b1"	0	1.70544434015923	0.427	0.015	0
"Cacna2d1"	0	1.42997208754706	0.383	0.012	0
"Rimbp2"	0	1.33638638127938	0.369	0.011	0
"Tac1"	0	5.87749149708967	0.929	0.018	0
"Syn2"	0	1.15059616209134	0.282	0.003	0
"Peg3"	0	1.4473376202936	0.294	0.01	0
"Aplp1"	0	1.85815577851169	0.553	0.029	0
"Ffar2"	0	1.66593972956612	0.461	0.045	0
"Tph1"	0	4.10335486884416	0.83	0.004	0
"C230038L03Rik"	0	1.78762450089367	0.307	0.001	0
"Cpe"	0	2.27669627851781	0.651	0.02	0
"Slc18a1"	0	1.79721187675082	0.463	0.011	0
"Cacna1a"	0	1.95241727450928	0.601	0.052	0
"Gnao1"	0	1.03442530039263	0.259	0.008	0
"Ets1"	0	1.073790148684	0.261	0.012	0
"Fxyd6"	0	2.12007350599783	0.491	0.006	0
"Scg3"	0	1.10030028595972	0.278	0.01	0
"Hmgn3"	0	2.90122629519396	0.716	0.019	0
"Tpbg"	0	2.21610671692238	0.44	0.015	0
"Ppp1r14c"	0	1.3919956561337	0.397	0.021	0
"Rfx6"	0	1.31973004614351	0.36	0.01	0
"Neurog3"	0	1.66423611080531	0.271	0.015	0
"Gstt1"	0	3.86199869176437	0.743	0.164	0
"Ddc"	0	2.67304970791782	0.821	0.199	0
"Gpx3"	0	1.66218994532019	0.323	0.005	0
"Anxa6"	0	1.30850541119071	0.339	0.007	0
"Lhx1"	0	1.50096159369298	0.356	0.003	0
"Rundc3a"	0	1.09169617767654	0.282	0.013	0
"Rprml"	0	1.88572695605402	0.507	0.013	0
"Chga"	0	6.7095121212755	0.989	0.045	0
"Ptprn2"	0	1.4405248929496	0.401	0.02	0
"Gng4"	0	1.12157594665442	0.273	0.007	0
"Cplx2"	0	1.69203265242906	0.477	0.02	0
"Pcsk1"	0	3.01074403869395	0.748	0.032	0
"Ssbp2"	0	1.40804085405375	0.312	0.009	0
"Map1b"	0	1.79441297364749	0.482	0.011	0
"Rab3c"	0	2.75964595269269	0.651	0.003	0
"Gch1"	0	2.41405515884998	0.695	0.068	0
"Selenop"	0	2.77952265708107	0.798	0.081	0
"Amigo2"	0	1.47886571379848	0.323	0.003	0
"Vwa5b2"	0	1.88087906629953	0.539	0.014	0
"Baiap3"	0	1.1726301571877	0.266	0.006	0
"Gfra3"	0	1.78577043543083	0.502	0.023	0
"Pcsk1n"	0	2.14804504058521	0.544	0.013	0
"Ids"	0	1.7527966412863	0.495	0.026	0
"Bex2"	0	2.4794402788996	0.64	0.023	0
"Fam183b"	1.46079255142293e-307	2.34804351185303	0.773	0.169	2.49693270814722e-303
"Ttll7"	2.72539847060478e-276	1.05014697609798	0.294	0.022	4.65852360580476e-272
"Mical2"	1.13147378964884e-271	1.3074098916801	0.362	0.035	1.93402814864677e-267
"Parp1"	1.24034148028618e-262	2.34730339959824	0.722	0.175	2.12011569225316e-258
"Sct"	4.41896468313969e-261	3.39081083446912	0.803	0.21	7.55333633289068e-257
"Camk2b"	6.37271424935604e-251	1.06870751021364	0.282	0.022	1.08928804664243e-246
"Rasd1"	9.19885214080777e-233	1.3940136055095	0.305	0.028	1.57235979642827e-228
"Slc25a35"	2.34621751305903e-213	1.54590707360427	0.452	0.071	4.0103895950718e-209
"Malat1"	2.36655678901852e-212	1.9192967276474	1	0.99	4.04515551946935e-208
"Rap1gap2"	1.81330726345219e-208	1.07674950731918	0.333	0.038	3.09948610541882e-204
"Hepacam2"	4.45313084483648e-201	1.84951113753061	0.702	0.185	7.61173655307899e-197
"Cldn4"	4.16205273332818e-195	1.21484058827896	0.333	0.04	7.11419673707786e-191
"Ncald"	2.48099593352518e-192	1.5540417436754	0.479	0.089	4.24076634917458e-188
"Rgs2"	6.219104358445e-192	1.87839121808177	0.394	0.058	1.063031507989e-187
"Bex3"	1.629877331033e-191	2.49698422352851	0.782	0.303	2.7859493219347e-187
"Cdkn1c"	1.83254125298068e-183	1.25692585298367	0.33	0.041	3.13236276371987e-179
"Pdk3"	5.08034216862654e-176	1.45633376211272	0.452	0.087	8.68382886883334e-172
"Atp6v1b2"	7.96919222520815e-169	1.57407596504214	0.5	0.11	1.36217402705483e-164
"Tuba1a"	3.22167362928753e-159	0.945417063418524	0.319	0.043	5.50680673454118e-155
"Pkdcc"	4.04593378088964e-157	1.65638694550408	0.532	0.135	6.91571461167466e-153
"Fbxo9"	1.42641631008021e-155	1.8557718703935	0.617	0.194	2.4381733988201e-151
"Tmsb4x"	1.66390111000462e-154	-1.51575170423326	0.752	0.986	2.8441061673309e-150
"Rogdi"	5.53718041963358e-154	1.25821137451276	0.353	0.058	9.46470249127968e-150
"Mnx1"	7.65508410530283e-152	1.04190448061226	0.305	0.044	1.30848352611941e-147
"Maged1"	2.2236246070387e-151	1.41727236728266	0.461	0.101	3.80084154081125e-147
"Rps2"	4.25635362906589e-149	-1.24047956010852	0.968	0.996	7.27538525816233e-145
"Trim35"	8.14643121371571e-146	0.882107608063509	0.252	0.03	1.39246948736043e-141
"Rpl13"	1.44504993691277e-144	-0.986881717031723	1	0.999	2.47002385716499e-140
"Rps8"	1.81774739188582e-141	-0.927497342102893	0.991	0.999	3.10707561695044e-137
"Tspan8"	2.47575280794796e-141	-1.71461847109366	0.287	0.9	4.23180427462545e-137
"Zbtb20"	3.83292106451867e-141	1.28197594823217	0.401	0.08	6.55161197558175e-137
"Upb1"	7.47516896618028e-139	1.19149155741331	0.342	0.059	1.27773063138919e-134
"Cited2"	2.72082285451947e-138	1.82916386116005	0.631	0.223	4.65070250523013e-134
"Dusp16"	2.15641024892229e-137	1.1812189434914	0.365	0.068	3.68595203848286e-133
"Rps19"	3.12023219749178e-135	-1.09729263676734	0.92	0.993	5.3334128951727e-131
"Rpl39"	5.32784919174794e-135	-1.10494258338375	0.897	0.992	9.10689262345476e-131
"Gars"	4.04554318312354e-131	1.76906028266872	0.686	0.293	6.91504696291306e-127
"Rps4x"	1.30798240961025e-130	-1.02485411073395	0.961	0.995	2.23573433274679e-126
"Rpsa"	2.24142299361579e-130	-1.08480977963523	0.961	0.997	3.83126432298748e-126
"Rps11"	8.79210575120693e-130	-0.965075281990241	0.963	0.996	1.5028346360538e-125
"Rplp0"	9.62904139653179e-130	-1.06701324369729	0.959	0.996	1.64589204590918e-125
"Itm2c"	6.22539098259949e-129	1.66875007805499	0.518	0.148	1.06410608065573e-124
"Rps18"	2.76989079450382e-128	-0.991012103156151	0.952	0.995	4.73457433504539e-124
"Rpl27a"	3.99102745832197e-127	-0.892284313623735	0.975	0.997	6.82186323450974e-123
"Rpl10a"	7.95369238784492e-126	-0.988838163396918	0.956	0.995	1.35952463985433e-121
"Egr1"	1.02995913525892e-125	1.68141805030068	0.537	0.159	1.76050914989808e-121
"Cxxc5"	1.80065102800155e-125	1.05277491413482	0.321	0.056	3.07785280216305e-121
"Hspa4l"	3.59790025086058e-125	1.33500349922143	0.408	0.092	6.149890898796e-121
"Rpl23"	5.16428985402337e-124	-0.822474046960211	0.991	0.998	8.82732064748214e-120
"Dbi"	6.85085802240034e-122	-1.35980187836597	0.686	0.97	1.17101716176889e-117
"Rpl32"	9.95528594204122e-119	-0.846782491826551	0.995	0.999	1.70165702607311e-114
"Golim4"	5.4989281514508e-118	1.55140081887785	0.5	0.15	9.39931788927486e-114
"Rpl3"	1.23021423190958e-116	-0.97433211625005	0.897	0.99	2.10280518660305e-112
"Rpl8"	1.33442793847438e-116	-0.80696394418483	0.986	0.996	2.28093767523426e-112
"Oat"	1.41551959628462e-116	-1.66924570718565	0.346	0.874	2.41954764592931e-112
"Lcorl"	1.62190740545885e-116	1.6157334707485	0.514	0.16	2.7723263281508e-112
"Rps27a"	5.78276080308608e-116	-0.728085138743241	0.998	0.999	9.88447304071504e-112
"Pycard"	6.23700917809049e-116	-1.55097640817032	0.475	0.914	1.06609197881101e-111
"Tm4sf4"	7.95942120389532e-115	1.35711217164104	0.619	0.205	1.36050386638183e-110
"Rph3al"	5.01779324119481e-114	0.951215432464621	0.271	0.044	8.5769139871743e-110
"Rps20"	3.70861358304377e-113	-0.874117236405698	0.995	0.999	6.33913319749671e-109
"Rpl21"	1.45615444293538e-112	-0.786050799023384	0.975	0.997	2.48900478930944e-108
"Rpl12"	3.81660048566682e-112	-1.08979258467821	0.86	0.987	6.52371521015029e-108
"Aldh1b1"	1.11328465742513e-111	-1.4775312254664	0.261	0.829	1.90293746493677e-107
"Marcksl1"	2.11376980192029e-111	1.2420131290646	0.459	0.123	3.61306672242235e-107
"Rps12"	3.89988670353042e-109	-0.812912419917332	0.991	0.997	6.66607634234456e-105
"Rpl36a"	5.64704850104107e-107	-1.0642746845376	0.755	0.976	9.6525000028295e-103
"Rps16"	2.16320988747574e-105	-0.76862928277323	0.984	0.997	3.69757466066228e-101
"Rps5"	2.46898016609818e-104	-0.868254438196128	0.963	0.996	4.22022779791162e-100
"Rpl7a"	2.1020547121115e-103	-0.875255883498391	0.876	0.984	3.59304211941219e-99
"Mapk14"	2.56877108023649e-103	1.24800749727291	0.339	0.075	4.39080040744823e-99
"Fth1"	2.90849099744696e-103	-0.986290795168232	0.972	0.997	4.97148366193608e-99
"Rpl41"	5.28895456325484e-103	-0.589466085710953	0.993	0.999	9.0404100349715e-99
"S100a10"	1.13759776834432e-102	-1.38910402034013	0.333	0.862	1.94449586543094e-98
"Rps15a"	1.62690852215083e-102	-0.827104942523289	0.97	0.995	2.78087473691241e-98
"Phgr1"	2.48029114353672e-102	-1.37772280814833	0.509	0.933	4.23956165164731e-98
"Rps10"	6.8748358735508e-102	-0.731969253658048	0.989	0.998	1.17511569586604e-97
"Rpl17"	4.1136827697569e-101	-0.824010185124838	0.938	0.992	7.03151795834547e-97
"Glud1"	1.61617575212337e-100	2.01472697470667	0.745	0.472	2.76252921310447e-96
"H1fx"	5.06650060290642e-100	1.04442571067442	0.255	0.044	8.66016948054794e-96
"Rpl14"	1.26472477255769e-99	-0.767403252114672	0.959	0.993	2.16179405373286e-95
"Rps7"	1.50314946852328e-99	-0.791665068716794	0.97	0.996	2.56933338654684e-95
"Mtch1"	1.68718064000176e-99	1.38899319185224	0.826	0.623	2.88389786795502e-95
"Rpl15"	2.94771233234843e-99	-0.786099351531997	0.961	0.995	5.03852468968317e-95
"Rps3"	4.30685447790976e-99	-0.818570694453534	0.945	0.995	7.36170635909116e-95
"Rpl22"	3.29139239184289e-98	-0.875614001024037	0.888	0.987	5.62597701537706e-94
"Rpl28"	4.17595992717596e-98	-0.657296514459865	0.995	0.998	7.13796830352187e-94
"Cnot6l"	5.55456406983201e-98	1.43269928731443	0.484	0.16	9.49441636456386e-94
"Eef1b2"	1.01458683385312e-97	-0.958639059860196	0.835	0.98	1.73423327510514e-93
"Rps3a1"	1.40271023944515e-97	-0.725534768648666	0.982	0.997	2.3976526122836e-93
"Camk2n1"	1.9775039800634e-97	1.45100343139351	0.53	0.19	3.38014755312238e-93
"Ece1"	8.38288726734272e-97	1.06306245600595	0.323	0.071	1.43288692060689e-92
"Rps24"	1.37595608979842e-96	-0.655534882818554	0.993	0.999	2.35192174429244e-92
"Hspe1"	9.35781244767812e-96	-1.2362317466795	0.571	0.909	1.59953088168162e-91
"Rpl18a"	1.47430941556756e-95	-0.736313154621874	0.986	0.997	2.52003708402963e-91
"Eid1"	2.00686953043156e-95	1.31423661387233	0.459	0.145	3.43034208836666e-91
"Nisch"	4.6405779051295e-95	1.48107593282506	0.541	0.207	7.93213981323786e-91
"Rps29"	3.75134205889953e-94	-0.673377869891842	0.963	0.997	6.41216898127696e-90
"Rpl30"	5.59534651551783e-94	-0.681762403349651	0.984	0.997	9.56412579897462e-90
"Rpl35a"	1.14987066556645e-93	-0.718981448227622	0.979	0.996	1.96547392865273e-89
"Ppia"	1.29410614889916e-93	-0.836580184937689	0.963	0.994	2.21201564031333e-89
"Mtss1"	2.23757801315169e-93	1.04418678940767	0.349	0.085	3.82469209788018e-89
"Slc26a2"	4.42248881875038e-93	1.27754682902362	0.383	0.102	7.55936013789002e-89
"Rpl29"	6.30192747128037e-93	-0.677451215035216	0.961	0.993	1.07718846266595e-88
"Rpl11"	6.61959951175742e-93	-0.654812684761994	0.986	0.997	1.1314881445447e-88
"Rplp2"	3.44190463653174e-92	-0.763567864654612	0.945	0.991	5.8832475952237e-88
"Cystm1"	2.95728476317288e-91	1.21734701578384	0.874	0.772	5.0548868456914e-87
"Kdm7a"	3.87038187170233e-91	0.917620327584615	0.294	0.062	6.61564373330079e-87
"Cdkn1a"	6.22064715072453e-91	1.7141427752424	0.433	0.133	1.06329521747334e-86
"Krt7"	1.08646799782292e-90	1.62757878249745	0.768	0.487	1.85709974867872e-86
"Rpl9"	1.33007301908731e-90	-0.679035218607415	0.991	0.997	2.27349381152594e-86
"S100a13"	2.24381649672068e-90	1.38860979026324	0.521	0.188	3.83535553784466e-86
"Btg2"	8.13676949347907e-90	1.56467989322525	0.523	0.195	1.39081800952038e-85
"Gpx1"	2.57740510141332e-89	-1.27988416333496	0.44	0.887	4.40555853984578e-85
"Mt1"	4.64687668148008e-88	-1.42188693328234	0.266	0.775	7.94290631165391e-84
"Pard3"	7.85409047967817e-88	1.14868051913509	0.349	0.089	1.34249968569139e-83
"Gnai2"	1.03294410065952e-87	1.43700346550328	0.713	0.422	1.76561135125731e-83
"Rpl38"	3.79501541068186e-87	-0.605770673493697	0.982	0.996	6.4868198414785e-83
"Rhoc"	1.63636773950774e-86	1.1886114658622	0.372	0.1	2.79704337714058e-82
"Nme2"	1.67134814903861e-86	-0.846190657272559	0.839	0.975	2.85683539115169e-82
"Rpl6"	3.6556170127261e-86	-0.63443678506244	0.982	0.998	6.24854615985272e-82
"Rpl7"	4.55064693849891e-86	-0.720981279926221	0.933	0.99	7.77842081197619e-82
"Ociad2"	7.41791048946761e-86	-1.21056425559296	0.183	0.71	1.2679434399647e-81
"Prap1"	4.40756390614952e-84	-1.38166422995958	0.326	0.794	7.53384898478138e-80
"Epcam"	7.09894247224304e-84	-0.884848974010497	0.876	0.981	1.2134222367805e-79
"Cldn15"	8.18880867749558e-84	-1.15179309004112	0.156	0.677	1.39971306724432e-79
"Hpcal1"	4.089179512673e-83	1.2213737087174	0.466	0.166	6.98963454101197e-79
"H2afv"	4.56683501099673e-83	-1.06456118097485	0.55	0.906	7.80609108429671e-79
"Chchd10"	5.84491206162967e-83	-1.12086853157725	0.443	0.883	9.99070818694359e-79
"Rps9"	9.8365735319807e-83	-0.705091003691747	0.979	0.995	1.68136551382146e-78
"Rps23"	2.21178312662887e-82	-0.70629075032572	0.954	0.991	3.78060089834672e-78
"Ddx5"	5.31580316866698e-81	1.11369428702449	0.888	0.829	9.08630235620247e-77
"Rpl24"	5.98274998044162e-81	-0.678059373719287	0.94	0.994	1.02263145415689e-76
"Stmn1"	7.47027301324498e-81	-1.63216254946055	0.312	0.748	1.27689376615396e-76
"Rpl35"	2.3336475715657e-80	-0.79879887528122	0.821	0.973	3.98890379407725e-76
"Rpl37"	2.41134904712368e-80	-0.619741529744468	0.979	0.996	4.12171892624851e-76
"Cox7a2l"	5.89585650239407e-80	1.25266190826125	0.874	0.801	1.00777875195422e-75
"Serpinb1a"	6.53904360932122e-80	1.25847246265881	0.865	0.713	1.11771872414128e-75
"Chd3"	3.8048363662994e-79	0.947227546498842	0.296	0.07	6.50360680091557e-75
"S100a1"	4.32460108867103e-79	1.87267130571246	0.583	0.284	7.39204064086539e-75
"Lgals4"	5.22987518572034e-79	-0.999446216104573	0.881	0.991	8.93942565495178e-75
"Prdx6"	1.24207754000048e-78	-1.06113805300819	0.424	0.852	2.12308313912283e-74
"Rps13"	1.7349505077657e-78	-0.643932020016403	0.97	0.996	2.96555090292391e-74
"Mgst1"	3.24788664324286e-78	-1.31071759256358	0.22	0.71	5.55161263929502e-74
"Pglyrp1"	7.76045769163741e-78	-1.14692668166947	0.257	0.771	1.32649503323158e-73
"Rpl19"	1.61965618712988e-77	-0.519850068393241	0.984	0.998	2.76847832066111e-73
"Fabp2"	2.80207356851386e-77	-1.40097938422043	0.433	0.862	4.78958435066075e-73
"Smim22"	4.51899500011315e-77	1.30342931293043	0.778	0.577	7.72431815369341e-73
"Ppp1r1b"	1.06283629019835e-76	-1.1319928240881	0.135	0.633	1.81670607083604e-72
"Lypd8"	1.63723556728015e-76	-1.22361445016355	0.518	0.923	2.79852675515196e-72
"Etnk1"	3.93408996087116e-76	1.1423637608001	0.383	0.118	6.72453997011708e-72
"Itpr3"	1.44022998135485e-75	1.32630838995138	0.381	0.12	2.46178510712984e-71
"Rack1"	6.33993374136145e-75	-0.704264765986071	0.908	0.985	1.08368487441091e-70
"Hspd1"	5.83377789169963e-74	-1.16639581698589	0.5	0.851	9.97167655028217e-70
"C1qbp"	1.50343329463117e-72	-1.08899109914504	0.284	0.742	2.56981853051306e-68
"Rev3l"	2.16041706082707e-72	0.985460500572781	0.294	0.074	3.69280088207171e-68
"Ifitm2"	3.34771669898305e-72	-1.08600922443265	0.456	0.872	5.72225215357172e-68
"Suox"	4.52020629509375e-72	0.835631013236965	0.25	0.055	7.72638862020375e-68
"Rpl36"	6.2604209871075e-72	-0.588940137218028	0.984	0.996	1.07009375932629e-67
"Reg4"	8.33727557727856e-72	5.09876049415787	0.369	0.119	1.42509051442422e-67
"Naca"	2.14634364892917e-71	-0.735550048299102	0.872	0.979	3.66874519911463e-67
"Mfsd6"	4.04011089180634e-71	0.929728704190194	0.296	0.076	6.90576154736458e-67
"Fxyd3"	4.74649494398844e-71	1.01539649110343	0.787	0.455	8.11318380775944e-67
"Rps25"	8.54511628573842e-71	-0.743932743627011	0.883	0.98	1.46061672672127e-66
"Tkt"	4.22969113857654e-70	-1.03137182134222	0.335	0.796	7.22981106316887e-66
"Fam49b"	5.54003578088954e-70	1.34294810299001	0.53	0.252	9.46958316027449e-66
"Phip"	1.05308802625654e-69	1.29945605601118	0.431	0.161	1.80004336328031e-65
"Marcks"	1.61035541805316e-69	1.31827287397498	0.603	0.316	2.75258051607826e-65
"Gsdmd"	1.88721718574446e-68	0.95419186844047	0.282	0.071	3.225820335593e-64
"Mrpl12"	2.61584665308072e-68	-0.976504424226448	0.452	0.84	4.47126668411087e-64
"Cox5a"	5.71027457633975e-68	-0.820478299113109	0.846	0.965	9.76057233333754e-64
"Atp5g1"	1.73203260885977e-67	-0.761715464086993	0.894	0.981	2.96056333832401e-63
"Fos"	1.82509678438336e-67	1.32391513361229	0.511	0.212	3.11963793354647e-63
"Ubb"	3.21518918439851e-67	0.630106884260402	0.986	0.99	5.49572287289236e-63
"Atp2b1"	4.57861922745572e-67	1.29121015034943	0.564	0.291	7.82623384549007e-63
"Pik3r1"	9.279218004949e-67	1.2501514913055	0.486	0.21	1.58609673358593e-62
"Npm1"	1.35460535066342e-65	-0.993108382233386	0.677	0.923	2.31542692588899e-61
"Tomm5"	1.50570251163905e-65	-0.982754028075975	0.392	0.807	2.57369730314464e-61
"Tspan1"	2.87732592814086e-65	1.28824784500805	0.654	0.374	4.91821320897118e-61
"Gadd45a"	5.78772990944681e-65	1.03948418423526	0.346	0.108	9.89296673421744e-61
"Sri"	5.9926379304246e-65	-0.899907017618514	0.369	0.814	1.02432160144748e-60
"Ccl25"	7.8258203772142e-65	-1.15541103871865	0.257	0.709	1.33766747707722e-60
"Cdc42ep5"	1.85770107885506e-64	-0.955967698838017	0.151	0.601	3.17536845408695e-60
"Ptbp3"	1.88487462954627e-64	1.31835558684882	0.583	0.321	3.22181620428344e-60
"Olfm4"	5.94696263976001e-64	-2.20601405800563	0.268	0.669	1.01651432401418e-59
"Hmgb2"	2.76716785174463e-63	-1.58884818727833	0.33	0.71	4.7299200089871e-59
"Myo15b"	4.24330516424765e-63	1.17796434796432	0.404	0.148	7.25308151724851e-59
"Ddt"	5.438420966338e-63	1.55487013155089	0.736	0.594	9.29589295776154e-59
"Atp5o"	7.65536224113783e-63	-0.811029702521004	0.791	0.951	1.30853106787769e-58
"Ccdc34"	1.12177748134364e-62	-1.17066640233945	0.248	0.668	1.91745424886069e-58
"Acly"	3.40359118058746e-62	1.0674701551641	0.36	0.12	5.81775840497815e-58
"Otc"	3.80592168658238e-62	-1.04611078474499	0.135	0.567	6.50546193887526e-58
"Cox7b"	5.41183766976502e-62	-0.779055813786021	0.757	0.952	9.25045412892934e-58
"Ndufa4"	1.38004475972124e-61	-0.672865628252738	0.833	0.974	2.35891050779152e-57
"Slc25a4"	3.88863070797642e-61	1.15568089764485	0.44	0.178	6.6468364691441e-57
"Casz1"	1.10468038875639e-60	1.10746829577343	0.356	0.12	1.8882301885013e-56
"Mast2"	1.18008776281168e-60	0.928451977161589	0.275	0.075	2.017124012974e-56
"Ttr"	1.75551533055182e-60	1.82801159377648	0.546	0.282	3.00070235451222e-56
"Uqcrh"	1.96222734484932e-60	-0.632450156467462	0.881	0.976	3.35403520055095e-56
"Junb"	2.19749042748837e-60	1.58450817582134	0.546	0.277	3.75617038770587e-56
"Rps26"	2.29283148537242e-60	-0.527578681797126	0.993	0.996	3.91913685794708e-56
"Fosb"	2.36033593297513e-60	1.14800427693397	0.323	0.098	4.03452221023438e-56
"Slc25a3"	2.83270017443459e-60	-0.7454726544935	0.736	0.948	4.84193440816105e-56
"Snrpg"	4.0556584161828e-60	-0.852950067931854	0.594	0.901	6.93233693078126e-56
"Bri3"	5.73996086713675e-60	-0.851739426225524	0.385	0.817	9.81131511019684e-56
"Rpl27"	8.73289896650521e-60	-0.528076949089887	0.966	0.992	1.49271442034474e-55
"Lgals2"	3.74858145433157e-59	-0.892295203530012	0.975	0.996	6.40745027988895e-55
"Cd74"	1.03175741116334e-58	-1.90222801088134	0.172	0.59	1.7635829429015e-54
"Atp5g2"	1.08556739167245e-58	-0.663970479550801	0.819	0.963	1.85556034258572e-54
"Rpl23a"	1.32597721289039e-58	-0.741269278322983	0.817	0.962	2.26649284999354e-54
"Jun"	1.52128777423545e-58	1.55668660961939	0.635	0.386	2.60033719250065e-54
"Ranbp1"	5.97491222231663e-58	-0.967805374704414	0.431	0.795	1.02129174616058e-53
"Hmgb3"	8.26345119446395e-58	-0.952644515046275	0.122	0.543	1.41247171266972e-53
"Tulp4"	1.78436892251483e-57	1.24357363277669	0.454	0.199	3.0500217992546e-53
"Ybx1"	3.86148631787711e-57	-0.633934202381817	0.839	0.971	6.60043856314735e-53
"Kmt2a"	4.25513733354003e-57	1.07418960005687	0.333	0.111	7.27330624421998e-53
"Rpl34"	1.42182800239873e-56	-0.498253346385467	0.977	0.997	2.43033060450014e-52
"Eif5a"	2.92567301468496e-56	-0.699232132842357	0.771	0.955	5.00085288400101e-52
"Rps14"	3.49211608908584e-56	-0.485341043914127	0.984	0.997	5.96907403107443e-52
"Cox8a"	6.46090615854763e-56	-0.524472421054076	0.961	0.988	1.10436268968055e-51
"5330417C22Rik"	1.4024420421896e-55	0.914732415098797	0.456	0.188	2.39719418271468e-51
"Ifitm3"	1.5159735197002e-55	-1.53132216433186	0.209	0.609	2.59125353722356e-51
"Atp5f1"	3.75012541388668e-55	-0.757374738281863	0.7	0.931	6.4100893699565e-51
"Pbx1"	4.1103780343689e-55	0.940037484335488	0.323	0.107	7.02586917414677e-51
"Kmt2c"	6.75875564823109e-55	0.972658142416511	0.305	0.098	1.15527410295214e-50
"Grina"	7.80827855678363e-55	0.883334714432903	0.28	0.082	1.33466905371103e-50
"Ftl1"	1.44161676749249e-54	0.590896483985696	0.979	0.985	2.46415554067491e-50
"Higd1a"	2.15030201203145e-54	-0.805123042517033	0.183	0.613	3.67551122916535e-50
"Gng12"	2.30386796074439e-54	1.30423106551398	0.617	0.407	3.93800150530039e-50
"Bok"	4.18401619891359e-54	0.961496894274512	0.353	0.129	7.151738888803e-50
"Ifi27l2b"	5.23198805166954e-54	-1.21288592000656	0.22	0.643	8.94303717671874e-50
"Atp5j"	5.74761350873024e-54	-0.631493505988843	0.865	0.965	9.8243957704726e-50
"Nhp2"	1.46982145308786e-53	-0.898259731551365	0.319	0.72	2.51236580976307e-49
"Rps15"	3.02351269323357e-53	-0.56110640529397	0.904	0.986	5.16809024654414e-49
"Aprt"	4.16337344579033e-53	-0.859162493379287	0.362	0.784	7.11645423088941e-49
"Cox5b"	2.63575667191618e-52	-0.647169746426344	0.862	0.967	4.50529887930633e-48
"Mif"	2.92699694667003e-52	-0.848137056632148	0.509	0.846	5.00311588094308e-48
"Cda"	5.01395856454097e-52	1.08896650781802	0.757	0.587	8.57035937436988e-48
"Cyc1"	7.05399062339722e-52	-0.825519209831025	0.622	0.878	1.20573861725729e-47
"Cps1"	8.70145940197217e-52	-0.956266059638962	0.2	0.601	1.4873404555791e-47
"Cox7c"	1.40908735864324e-51	-0.555883599901887	0.901	0.981	2.40855302212889e-47
"Hopx"	1.80178010590256e-51	1.32312184553936	0.716	0.579	3.07978273501925e-47
"Lgals3bp"	2.05890438611085e-51	1.40224713458098	0.482	0.245	3.51928526717927e-47
"Rcn1"	3.53089027860304e-51	0.767957746786705	0.257	0.073	6.03535075321618e-47
"Timm8a1"	3.53149987864279e-51	-0.800508278105174	0.161	0.576	6.03639274256413e-47
"Jaml"	5.17138408318373e-51	-1.10774049240923	0.135	0.534	8.83944681338594e-47
"Sdhb"	5.90877038309876e-51	-0.832103829854153	0.438	0.804	1.00998612158307e-46
"Rps27"	1.10501272204447e-50	-0.573474974509778	0.856	0.984	1.8887982457906e-46
"Arl3"	1.92958968904148e-50	0.812183913901806	0.268	0.081	3.2982476554786e-46
"Rplp1"	2.21696474577687e-50	-0.47453783581152	0.998	0.997	3.78945783995641e-46
"Rnf186"	4.07914083677694e-50	-0.810167206603039	0.209	0.61	6.97247543230283e-46
"Ptma"	8.60984325232809e-50	-0.709346185688863	0.961	0.988	1.47168050712044e-45
"Gadd45g"	1.84974390816237e-49	1.11186584246914	0.321	0.112	3.16176726222194e-45
"Rnaseh2c"	1.94111013694171e-49	-0.826130200614945	0.266	0.664	3.31793955707447e-45
"Hsd17b10"	5.94286605423405e-49	-0.729007377379209	0.266	0.679	1.01581409465023e-44
"Cul3"	8.84213159011681e-49	1.14395202213306	0.491	0.265	1.51138555269867e-44
"Kcne3"	1.17556876223846e-48	-0.921300735864749	0.14	0.52	2.00939968529419e-44
"Rps28"	2.33670696720234e-48	-0.471073765675228	0.982	0.994	3.99413321903895e-44
"Gm1123"	4.75226861671108e-48	-0.89030951786391	0.337	0.74	8.12305274654424e-44
"Cnih4"	4.93014748604402e-48	-0.815598992531122	0.17	0.552	8.42710109789505e-44
"Cox6b1"	1.51250622567958e-47	-0.592989549529249	0.844	0.968	2.5853268915541e-43
"Gm10076"	1.55025315193982e-47	-0.594664440279083	0.778	0.972	2.64984771261073e-43
"Rps6"	1.65563136330801e-47	-0.565647797982112	0.851	0.973	2.82997068930237e-43
"Tcea3"	1.85627463039186e-47	-0.788377158140357	0.087	0.459	3.17293022572881e-43
"Atp5mpl"	2.91013512425079e-47	-0.67925899895818	0.674	0.919	4.97429396788188e-43
"Cks2"	3.0305856899441e-47	-1.03164426522685	0.117	0.484	5.18018011982145e-43
"Prdx4"	4.51960987223206e-47	-0.790979532534461	0.142	0.523	7.72536915460625e-43
"Btf3"	4.54624115416326e-47	-0.620784613799125	0.78	0.955	7.77089000481125e-43
"B2m"	7.11156333654742e-47	-0.698093088388356	0.328	0.744	1.21557952111605e-42
"Ptov1"	8.2244701973201e-47	1.16944469762905	0.587	0.386	1.40580869082792e-42
"Glrx5"	9.83546235154311e-47	-0.754207284746046	0.259	0.658	1.68117557974926e-42
"Prss32"	1.04670256395461e-46	-0.824258213684089	0.131	0.507	1.78912869256761e-42
"Ick"	1.76366341266042e-46	0.997902428760925	0.33	0.126	3.01462987126045e-42
"Cyba"	2.87298535922346e-46	-0.838720412061583	0.17	0.553	4.91079387452067e-42
"Atp5d"	3.3214277731167e-46	-0.549195157849193	0.878	0.972	5.67731649258838e-42
"Ran"	4.20032996953126e-46	-0.79483848127905	0.628	0.883	7.17962401691978e-42
"AC149090.1"	6.16351685265943e-46	1.09327703595401	0.472	0.245	1.05352993562508e-41
"Atp5j2"	1.58416268071691e-45	-0.602850969215393	0.846	0.971	2.70780927014942e-41
"Cox4i1"	2.11527748682373e-45	-0.423481212518712	0.972	0.991	3.6156438082278e-41
"Neat1"	2.80350941743313e-45	1.05111936010104	0.489	0.25	4.79203864721845e-41
"Rpl36al"	2.90839333996663e-45	-0.506636274702237	0.878	0.981	4.97131673600496e-41
"2200002D01Rik"	5.87917504497268e-45	-0.932599453863868	0.206	0.592	1.00492739043718e-40
"Gas5"	6.34060275810887e-45	-0.737228474809834	0.633	0.911	1.08379922944355e-40
"Qdpr"	1.49617329209472e-44	1.16450025918497	0.631	0.458	2.5574090081775e-40
"mt-Cytb"	1.72992174307685e-44	-0.586472204552165	0.954	0.985	2.95695523544126e-40
"H2afz"	1.74834767056368e-44	-0.860869064872126	0.828	0.952	2.98845067329449e-40
"Clca3b"	2.64930276794016e-44	-1.01041868701532	0.119	0.475	4.52845322124012e-40
"Prdx1"	2.71675691021172e-44	-0.658923275397482	0.842	0.962	4.64375258662489e-40
"Dmbt1"	3.30092406278904e-44	-1.33645279511965	0.103	0.452	5.6422695005253e-40
"Snhg1"	4.4500358430959e-44	-0.804218208303017	0.225	0.604	7.60644626660382e-40
"Pgk1"	4.81403568181306e-44	-0.699164985293691	0.298	0.702	8.22863119092307e-40
"Rpl31"	5.11252315884102e-44	-0.55775269473943	0.837	0.959	8.73883583540696e-40
"Sfn"	8.65801653987349e-44	-0.791397516722923	0.078	0.428	1.47991476716058e-39
"Dctpp1"	1.02486922793899e-43	-0.753255276678206	0.241	0.619	1.75180897131611e-39
"Ubc"	1.18179053592906e-43	1.0846386998478	0.752	0.673	2.02003456306353e-39
"Atpif1"	1.30858727227663e-43	-0.531054248832618	0.901	0.975	2.23676822450244e-39
"Mrpl18"	1.8702209369727e-43	-0.730968520857694	0.349	0.721	3.19676864756743e-39
"Eef1d"	2.05959715342786e-43	-0.684196884627615	0.567	0.89	3.52046941435423e-39
"Asph"	2.82901461593245e-43	1.11825849496955	0.415	0.194	4.83563468301334e-39
"Hint1"	4.44692007807025e-43	-0.563245299885433	0.86	0.958	7.60112048944549e-39
"Phb2"	4.80271066743264e-43	-0.699201482126931	0.537	0.851	8.20927334384261e-39
"Cyb5r3"	8.56410238164302e-43	1.07804513109727	0.592	0.383	1.46386202009424e-38
"Tubb5"	8.78908807588828e-43	-1.07372472518366	0.33	0.654	1.50231882481158e-38
"Taf1"	1.47317515194257e-42	1.07031696932233	0.284	0.104	2.51809828721543e-38
"Rps27l"	2.01556637333778e-42	-0.605539651624389	0.683	0.928	3.44520760194626e-38
"Tusc3"	3.36530790522575e-42	0.819640283285453	0.312	0.12	5.75232080240237e-38
"Txn1"	3.56640078860345e-42	-0.59944758452258	0.89	0.966	6.09604886795987e-38
"Galk1"	4.03178139566932e-42	-0.713495202150236	0.089	0.443	6.89152393961756e-38
"Rnasek"	4.03843038414139e-42	1.03381661453744	0.697	0.583	6.90288905561288e-38
"Pycr2"	5.80413235891192e-42	1.06889345599075	0.436	0.222	9.92100344108815e-38
"Txn2"	8.29843603959115e-42	-0.656654921469209	0.248	0.63	1.41845167224732e-37
"Ypel3"	1.09201925130771e-41	0.965319020925408	0.374	0.165	1.86658850626028e-37
"Mapkapk2"	1.14979151931647e-41	0.992373260777952	0.36	0.158	1.96533864396765e-37
"Gcc2"	2.08857323842275e-41	1.22676007975971	0.61	0.45	3.56999823643601e-37
"Crip1"	2.98033047485395e-41	-0.64278778523265	0.69	0.932	5.09427888066785e-37
"Nop10"	4.23948573325676e-41	-0.680079588494893	0.493	0.824	7.24655296385578e-37
"Ppa1"	4.79943782530817e-41	-0.696338358328445	0.463	0.806	8.20367907479925e-37
"Rpl22l1"	7.30410711101567e-41	-0.578007120770581	0.759	0.949	1.24849102848591e-36
"Birc5"	8.57451043744208e-41	-1.17515067882362	0.089	0.412	1.46564106907198e-36
"Nme1"	1.15701666529165e-40	-0.61681175044799	0.58	0.887	1.97768858598303e-36
"Tspo"	1.159912961509e-40	-0.688173076760571	0.298	0.683	1.98263922510733e-36
"Fgfbp1"	1.2955867044589e-40	-0.786890677720735	0.06	0.383	2.21454635393159e-36
"Pclaf"	1.38289577624592e-40	-1.21010437345879	0.078	0.401	2.36378375033715e-36
"Rps21"	1.43944196462016e-40	-0.413324893943184	0.986	0.995	2.46043815012523e-36
"Tceal9"	5.85288810170477e-40	1.02147413369457	0.679	0.527	1.0004341632244e-35
"Rab5if"	6.26700933785213e-40	-0.642155560675142	0.383	0.755	1.07121990611907e-35
"Cox6c"	8.65371788131011e-40	-0.494326944959419	0.906	0.977	1.47917999745234e-35
"Ctsl"	1.05799765598972e-39	0.871338307573191	0.307	0.12	1.80843539338324e-35
"Ndufab1"	1.0767274702729e-39	-0.639578477816043	0.633	0.891	1.84045026493747e-35
"Ndufa10"	1.24406604608314e-39	-0.657860498501996	0.372	0.742	2.12648209256991e-35
"Dmxl1"	1.38084785101541e-39	0.948756457638218	0.339	0.144	2.36028323174064e-35
"Ube2c"	1.54137947167495e-39	-1.4275481071378	0.103	0.421	2.634679930934e-35
"Rpl13a"	3.22563341233276e-39	-0.463696649799084	0.913	0.989	5.51357519170038e-35
"Mid1ip1"	4.29481126874118e-39	1.1436256701608	0.477	0.274	7.34112090165931e-35
"Lgals9"	6.08985508799479e-39	-0.633470591871479	0.202	0.567	1.04093893019095e-34
"Ddx6"	7.23134350351204e-39	1.00034912800064	0.427	0.221	1.23605354505531e-34
"Cyb5a"	8.86389065064368e-39	-0.7026418345192	0.445	0.799	1.51510482891452e-34
"Hmgb1"	1.32284833508161e-38	-0.777748133670411	0.704	0.888	2.26114465915499e-34
"Eif3i"	1.52240049505947e-38	-0.604785583151595	0.514	0.846	2.60223916620516e-34
"Uqcrq"	1.77793737117251e-38	-0.542441028975635	0.853	0.97	3.03902834854518e-34
"Cd81"	2.32525815771234e-38	0.882984302361429	0.828	0.766	3.9745637689777e-34
"H2afj"	2.55533863112192e-38	-0.563651633651754	0.658	0.927	4.3678403221767e-34
"Mrpl42"	4.23494073613188e-38	-0.656736465598134	0.427	0.784	7.23878420027022e-34
"Hnrnpf"	4.37216392094069e-38	-0.630121217524862	0.539	0.841	7.47333979006392e-34
"Mapk13"	5.24854506207128e-38	-0.595674390732897	0.468	0.815	8.97133807459844e-34
"Ybx3"	1.46938185605122e-37	-0.609064419846892	0.333	0.708	2.51161440654834e-33
"Prkar1a"	1.76656435297341e-37	1.04995369589924	0.569	0.406	3.01958844853744e-33
"Chd4"	1.94585485788014e-37	0.923804243443996	0.518	0.324	3.32604970857452e-33
"Cdca3"	2.02966073310378e-37	-0.875723498055616	0.067	0.37	3.46929909109428e-33
"Rpl37a"	3.11138647421543e-37	-0.380480340198571	0.982	0.995	5.31829290037644e-33
"Gnb2"	4.66865006167892e-37	0.664609875368092	0.883	0.873	7.98012355042777e-33
"Ifi30"	4.90771427157199e-37	-0.62035171572031	0.415	0.771	8.38875600439801e-33
"Cdkn1b"	4.92976469029625e-37	1.04548155861704	0.408	0.215	8.42644678512338e-33
"Slc12a2"	7.63311359231428e-37	-0.825131587102626	0.156	0.488	1.30472810633428e-32
"Impdh2"	8.59672796102333e-37	-0.685637809091688	0.3	0.651	1.46943871037772e-32
"Ckmt1"	1.39189874237348e-36	-0.753093148350917	0.296	0.65	2.37917252033899e-32
"Abhd11"	1.42917509236404e-36	-0.551335974321672	0.14	0.482	2.44288898537785e-32
"Aamdc"	1.52715287801494e-36	-0.65312790627282	0.135	0.463	2.61036241439093e-32
"Fsd1l"	3.50957562870453e-36	0.86761478598505	0.326	0.141	5.99891762214465e-32
"Hmgcr"	4.37664296063406e-36	0.91037504035804	0.339	0.151	7.4809958126118e-32
"Cox6a1"	4.60279910545073e-36	-0.605485928358862	0.649	0.894	7.86756451094693e-32
"Rock1"	4.73516446687103e-36	1.08909879603427	0.516	0.341	8.09381662322264e-32
"Sec11c"	5.0019500069464e-36	-0.733610260435272	0.399	0.739	8.54983314687348e-32
"Anxa2"	5.21413683614265e-36	-0.820655622598739	0.142	0.466	8.91252409401863e-32
"Atp6v0b"	6.38053014939663e-36	0.930473031332091	0.679	0.571	1.09062401843637e-31
"Uqcrfs1"	9.23357325559547e-36	-0.649096309035361	0.557	0.836	1.57829467657893e-31
"Snrpd1"	1.1160376107703e-35	-0.682018087906825	0.427	0.75	1.90764308808967e-31
"Mgst2"	1.15020699925959e-35	-0.704351621468295	0.144	0.466	1.96604882383442e-31
"Srrm2"	1.58320612121451e-35	0.748064628838373	0.78	0.748	2.70617422299196e-31
"Acat1"	4.0339301288269e-35	-0.619735346703263	0.177	0.52	6.89519676920382e-31
"Son"	4.12354420496628e-35	0.787997468407819	0.743	0.68	7.04837410954887e-31
"Ebp"	5.91252661052846e-35	-0.59487238890432	0.204	0.547	1.01062817353763e-30
"Uqcrb"	7.60198773115786e-35	-0.538230251078574	0.766	0.943	1.29940776288681e-30
"Ndufa3"	9.91633052851578e-35	-0.578054734371253	0.484	0.809	1.6949983772392e-30
"Rpl5"	1.22614161577337e-34	-0.494533007579442	0.885	0.977	2.09584386384142e-30
"Ppp1r14d"	1.39384940335734e-34	-0.620462841049819	0.218	0.559	2.38250678515871e-30
"Gmnn"	1.54393712380673e-34	-0.670009610344288	0.126	0.438	2.63905172572284e-30
"Gabarap"	2.10130019772897e-34	0.676129437939816	0.821	0.825	3.59175242797813e-30
"Idh3a"	2.67561492798946e-34	-0.55048331274859	0.232	0.584	4.57342859641239e-30
"Selenos"	3.10614358159627e-34	-0.715402830267377	0.202	0.537	5.30933122402251e-30
"Atxn10"	4.14524663818956e-34	0.892545043466261	0.369	0.179	7.08547007865742e-30
"Fh1"	4.54369361627631e-34	-0.619627186406917	0.264	0.609	7.7665354983011e-30
"Rpl10"	4.98923607817783e-34	-0.445893038262564	0.899	0.983	8.52810122842936e-30
"Fam136a"	6.05293063735877e-34	-0.607706276119766	0.151	0.472	1.03462743384373e-29
"Cmtm4"	6.57214080935889e-34	0.903860750193319	0.367	0.182	1.12337602854371e-29
"Spc24"	6.86090344777455e-34	-0.745521785847243	0.092	0.384	1.1727342263281e-29
"Mettl26"	7.75590801789398e-34	1.00860707792936	0.651	0.545	1.32571735749862e-29
"Jak1"	1.09637190554508e-33	1.03855151623238	0.392	0.209	1.87402849814821e-29
"Tmem45b"	1.16694346524884e-33	-0.584326517619106	0.188	0.521	1.99465646514984e-29
"Mrfap1"	1.75105985157107e-33	0.8069169709994	0.736	0.707	2.99308660429043e-29
"BC003965"	2.04312438026973e-33	-0.578188444262061	0.149	0.463	3.49231250319505e-29
"Tmem14c"	2.43565511616992e-33	-0.581369185675153	0.472	0.793	4.16326529006925e-29
"Echs1"	2.51674903164396e-33	-0.537666248342603	0.245	0.583	4.30187911978902e-29
"Rap1b"	3.33172778270104e-33	0.997807729264479	0.452	0.276	5.69492229897088e-29
"Gm42418"	3.87150736587413e-33	0.699119007027489	0.97	0.983	6.61756754048865e-29
"Ckb"	6.77084002295405e-33	-0.685896360420142	0.229	0.559	1.15733968512354e-28
"Cenpx"	8.3890447066387e-33	-0.50987484174388	0.317	0.674	1.43393941170575e-28
"Golm1"	9.5272775206939e-33	-0.565100057269374	0.085	0.382	1.62849754661221e-28
"Ptprf"	1.07080708422865e-32	0.943869566868917	0.394	0.209	1.83033054907204e-28
"Lsm4"	1.1144052846052e-32	-0.561516896751608	0.486	0.804	1.90485295297566e-28
"Suclg2"	1.16320877887167e-32	-0.533903509203866	0.096	0.391	1.98827276572535e-28
"Pdlim1"	1.32966010093579e-32	-0.538040391037671	0.268	0.621	2.27278801052955e-28
"Cdca8"	1.81599737694315e-32	-0.740829681461679	0.055	0.334	3.10408431640893e-28
"Ldha"	2.87504077719718e-32	-0.694446793551925	0.622	0.857	4.91430720046314e-28
"Mdh1"	2.88114210135146e-32	-0.596974781058267	0.638	0.875	4.92473619384006e-28
"Rer1"	3.12846234107439e-32	-0.567307895161893	0.349	0.693	5.34748067959845e-28
"Por"	4.55731358563912e-32	0.819644894672716	0.294	0.126	7.78981611193294e-28
"H2afx"	4.66344925947982e-32	-0.905221620992349	0.156	0.45	7.97123381922886e-28
"Top2a"	4.77758040910638e-32	-0.872308962386997	0.053	0.321	8.16631819328553e-28
"Taldo1"	5.19782657333088e-32	-0.551740787100176	0.674	0.911	8.88464496179447e-28
"Gar1"	6.26180202348161e-32	-0.567853913791559	0.117	0.421	1.07032981987371e-27
"Phb"	6.52949501786374e-32	-0.555416134073761	0.135	0.443	1.11608658340345e-27
"Hk2"	6.53462932651802e-32	1.01065666401364	0.399	0.21	1.11696419078173e-27
"Nans"	6.84174003581414e-32	-0.564285290428538	0.177	0.508	1.16945862432171e-27
"Pkm"	7.06172938232636e-32	0.790568645697679	0.722	0.632	1.20706140332104e-27
"Lsm5"	7.45795494159969e-32	-0.562877126799027	0.213	0.53	1.27478823816763e-27
"Hadh"	1.10880031973506e-31	-0.645910173400325	0.388	0.723	1.89527238652315e-27
"Gfer"	1.14563222121773e-31	-0.492284587469108	0.197	0.526	1.95822915572747e-27
"Plpp2"	1.21748625692958e-31	-0.567943962655304	0.188	0.513	2.08104925896973e-27
"Foxn3"	1.3176929338709e-31	0.812697278756398	0.255	0.1	2.25233253186552e-27
"Acp5"	1.3423954207215e-31	-0.647267788250971	0.076	0.349	2.29455649263926e-27
"Cdca7"	1.38735777217511e-31	-0.672387183543707	0.096	0.385	2.37141063997891e-27
"Bex1"	1.73781278981234e-31	0.783410898794647	0.259	0.097	2.97044340162622e-27
"Sphk2"	1.92947478906582e-31	0.855352843561873	0.305	0.137	3.2980512569502e-27
"Chpt1"	1.94809379992244e-31	-0.531586025279672	0.17	0.491	3.32987673220742e-27
"Ndufs2"	2.09858414460125e-31	-0.559930596576251	0.532	0.826	3.58710987836691e-27
"Atp5h"	2.36315919121772e-31	-0.45140798153518	0.872	0.969	4.03934800554844e-27
"Bola3"	2.88066606693698e-31	-0.556498959442199	0.284	0.621	4.92392250821539e-27
"Onecut2"	3.00623967146053e-31	1.06354066506567	0.427	0.25	5.13856547042748e-27
"Slc38a1"	3.24133009616018e-31	0.891163275263007	0.314	0.145	5.54040553336659e-27
"Cdk2ap2"	3.56298821222496e-31	-0.551864679598979	0.218	0.548	6.09021575115613e-27
"Lsm3"	3.95990500611839e-31	-0.600998131222281	0.163	0.472	6.76866562695816e-27
"Uqcr10"	4.23488275030489e-31	-0.476309057542616	0.805	0.955	7.23868508509615e-27
"Park7"	4.46538079395728e-31	-0.507772784404602	0.626	0.891	7.63267539111118e-27
"Hes1"	4.80251126599784e-31	-0.649005780092756	0.073	0.349	8.20893250697012e-27
"Rtraf"	4.97257190929426e-31	-0.540800668267669	0.505	0.832	8.49961716455669e-27
"Sdhd"	8.9251396789236e-31	-0.555835190580892	0.369	0.704	1.52557412531841e-26
"Gm43305"	1.00591727889024e-30	-0.951186418507133	0.092	0.364	1.71941440480709e-26
"Ahcyl1"	1.10783522937337e-30	0.97928418174083	0.399	0.223	1.89362275756791e-26
"Cisd3"	1.32775604039836e-30	-0.538745652095952	0.156	0.467	2.26953339985292e-26
"Ccnb2"	2.01088121966151e-30	-0.744882876899039	0.05	0.308	3.43719926876741e-26
"Sf3b5"	2.11211009696088e-30	-0.525646409340575	0.397	0.725	3.61022978873523e-26
"Rab3d"	2.74446790469697e-30	0.825857871641123	0.344	0.165	4.69111898949852e-26
"Selenoh"	2.83749704509405e-30	-0.6067470552366	0.204	0.508	4.85013369917926e-26
"Kdm1a"	3.33216332871501e-30	0.919938689401887	0.427	0.25	5.69566677777257e-26
"Emg1"	3.82539803314384e-30	-0.539750279140574	0.307	0.645	6.53875285805277e-26
"Cd164"	5.47347507056816e-30	0.969193149476818	0.45	0.277	9.35581093812215e-26
"Mrps14"	5.71490543725909e-30	-0.463554849997256	0.399	0.749	9.76848786390696e-26
"Rfc4"	6.06234006527503e-30	-0.593919815386891	0.083	0.356	1.03623578735746e-25
"Fam162a"	6.72702458009489e-30	-0.458949917931245	0.204	0.518	1.14985031147562e-25
"Gpx2"	6.93662957167553e-30	-0.5564184437165	0.672	0.905	1.1856780926865e-25
"Jund"	8.66622412759231e-30	0.857509303896934	0.782	0.76	1.48131769012935e-25
"Eef1g"	1.19280742270321e-29	-0.492102119805098	0.667	0.911	2.03886572762659e-25
"Hif1a"	1.27042058404766e-29	0.787323848323182	0.259	0.107	2.17152990431267e-25
"Tubb2a"	1.41831599414585e-29	0.901180744455352	0.266	0.111	2.4243275287935e-25
"Fbl"	1.809145426739e-29	-0.533053685857738	0.261	0.59	3.09237227792498e-25
"Anp32b"	2.22534460040148e-29	-0.620881558427669	0.541	0.798	3.80378152546625e-25
"Dtymk"	2.37366375206482e-29	-0.482326792500929	0.202	0.521	4.05730345140439e-25
"Stard10"	3.24602557733741e-29	0.626876917307714	0.814	0.803	5.54843151934284e-25
"Mpc2"	3.65252380747325e-29	-0.560034959132112	0.516	0.823	6.24325894411403e-25
"App"	3.99289610562383e-29	0.918497871039627	0.502	0.339	6.82505731334281e-25
"1110038B12Rik"	4.07495741075058e-29	-0.501487428162849	0.232	0.562	6.96532470219596e-25
"Prrg2"	4.52698160852767e-29	0.825096768191857	0.317	0.152	7.73796966345634e-25
"Mrps36"	4.58329098980895e-29	-0.497760188703008	0.296	0.626	7.83421928888044e-25
"Lsm2"	5.04828771198463e-29	-0.556737839317438	0.225	0.535	8.62903818609533e-25
"Dut"	5.0910255376454e-29	-0.679661752305057	0.213	0.508	8.70208995149728e-25
"Tk1"	5.10483961956238e-29	-0.630972553399802	0.057	0.315	8.72570236171797e-25
"Ciao2a"	5.74877527788018e-29	-0.475718570344529	0.275	0.601	9.82638158248059e-25
"Atp6v0c"	6.60439401842656e-29	0.738373778031635	0.768	0.742	1.12888906956965e-24
"Hspa9"	6.66392496750779e-29	-0.505686697199855	0.298	0.622	1.13906469469611e-24
"Mien1"	6.7725202975319e-29	0.808323042132616	0.647	0.537	1.15762689445713e-24
"Cdk4"	6.77694379214479e-29	-0.60312476365526	0.346	0.657	1.15838300239131e-24
"Eif4ebp1"	7.98312539992196e-29	-0.547825684351453	0.089	0.358	1.36455562460866e-24
"Myl12a"	8.20880905174521e-29	-0.502835662378936	0.227	0.547	1.40313173121481e-24
"Rnase4"	1.18498222872324e-28	0.818145489105028	0.594	0.423	2.02549012355664e-24
"Eif4g2"	1.30977034352002e-28	0.903045088468884	0.656	0.582	2.23879044817876e-24
"Cmip"	1.35107919937627e-28	0.660195198262021	0.264	0.11	2.30939967549387e-24
"Sypl"	1.46057134782795e-28	-0.542659731169351	0.323	0.662	2.49655460484231e-24
"Dnajc15"	1.48371813448906e-28	-0.495439469632012	0.206	0.524	2.53611940728215e-24
"Defa24"	1.5332770595728e-28	-1.62954569278295	0.995	0.997	2.62083047792779e-24
"Rab25"	1.59245698402863e-28	-0.510005145149913	0.447	0.789	2.72198672280013e-24
"Krt19"	4.17323700887616e-28	-0.59526090821403	0.672	0.927	7.13331401927201e-24
"Cdk1"	4.36612356958228e-28	-0.676001726724004	0.057	0.304	7.46301501748698e-24
"Cenpw"	6.01605977342981e-28	-0.522303493266542	0.078	0.342	1.02832509707236e-23
"2210407C18Rik"	6.51368611654057e-28	-0.786334835961846	0.156	0.443	1.11338436790028e-23
"Akr1c13"	6.97153197802288e-28	0.979768854256058	0.555	0.409	1.19164396100345e-23
"Mrpl30"	7.35932375836353e-28	-0.491912164560731	0.456	0.79	1.25792921001708e-23
"Snrpf"	8.57565789641511e-28	-0.539806043237338	0.498	0.796	1.46583720423423e-23
"Arf3"	9.7309689032762e-28	0.770139190630365	0.257	0.109	1.663314514637e-23
"Srsf7"	1.47463048852876e-27	-0.525938085955888	0.397	0.705	2.5205858940422e-23
"Cryl1"	1.518390969602e-27	-0.480941146047457	0.174	0.467	2.5953856843407e-23
"Kcnn4"	1.95229057470645e-27	-0.537139150829298	0.041	0.277	3.33705027934573e-23
"Vdac2"	2.48446657855709e-27	-0.505963240796051	0.633	0.87	4.24669872272763e-23
"Nlrp6"	2.84562071550742e-27	-0.556397591945687	0.071	0.319	4.86401948901684e-23
"Suclg1"	2.95813039317319e-27	-0.48686834527756	0.518	0.818	5.05633228105094e-23
"Pdap1"	3.53149602767741e-27	0.727684434101983	0.748	0.736	6.036386160109e-23
"Snrpe"	3.75785663611143e-27	-0.486648901939219	0.585	0.84	6.42330434810527e-23
"Naa10"	3.76308345645555e-27	-0.483158817944581	0.239	0.552	6.43223855211948e-23
"Ddx39"	4.00090667538408e-27	-0.516880049208201	0.282	0.598	6.83874978023401e-23
"Gstp1"	4.19738745437011e-27	-0.52727654180344	0.122	0.387	7.17459437575482e-23
"Mrps35"	4.65725128121022e-27	-0.460711431526174	0.22	0.528	7.96063961497262e-23
"Igsf8"	4.88162027853216e-27	0.827980763198016	0.275	0.124	8.34415354209502e-23
"Ndufb5"	4.98610207015091e-27	-0.477318520829435	0.599	0.867	8.52274426850895e-23
"Klf5"	5.21748366165999e-27	-0.416646602519456	0.252	0.583	8.91824482287543e-23
"Snrpa1"	5.72982326627289e-27	-0.456009866500839	0.225	0.532	9.79398690904025e-23
"Rps17"	6.02644252500678e-27	-0.385884078323692	0.922	0.976	1.03009982079941e-22
"Cdhr5"	6.62471347295123e-27	0.889915271260778	0.45	0.278	1.13236227393155e-22
"Adh1"	6.80715682892019e-27	0.788554886962271	0.397	0.218	1.16354731676733e-22
"Ndufb6"	7.45880221009737e-27	-0.508223785613126	0.438	0.751	1.27493306177194e-22
"Mrpl21"	8.31464877266921e-27	-0.485355254883062	0.44	0.75	1.42122291471235e-22
"Cuta"	1.00036528625137e-26	-0.483817816432236	0.351	0.687	1.70992438378946e-22
"Mrpl28"	1.00228702533266e-26	-0.483985356420865	0.381	0.71	1.71320921240111e-22
"Smc2"	1.27379350335634e-26	-0.571636977117965	0.057	0.297	2.17729523528699e-22
"Ppp1r14b"	1.49499092543614e-26	-0.468242513821775	0.544	0.86	2.55538798884799e-22
"Ormdl2"	1.62457405022749e-26	-0.42215465073623	0.158	0.448	2.77688442405384e-22
"Tyms"	1.81995764937468e-26	-0.597457928797613	0.158	0.43	3.11085361007614e-22
"Defa30"	2.41614060489888e-26	-1.65938499523074	0.966	0.956	4.12990913595366e-22
"Wdr83os"	2.5739491272244e-26	-0.489998859727441	0.367	0.693	4.39965124316466e-22
"Ndrg1"	2.65830576671078e-26	0.751435183922261	0.303	0.14	4.54384204703873e-22
"Map1lc3a"	2.80117005767928e-26	0.75671560761376	0.307	0.148	4.78803997959119e-22
"Tstd1"	2.87480376014905e-26	-0.527142442813441	0.206	0.489	4.91390206722278e-22
"Mpc1"	2.89711411161769e-26	-0.495741836615391	0.362	0.676	4.95203715098813e-22
"Mrpl51"	3.23546574253145e-26	-0.479756091272818	0.351	0.665	5.530381593709e-22
"Ndufaf2"	3.48542296370965e-26	-0.491503862045592	0.167	0.443	5.95763347186891e-22
"Alg5"	3.66625316814486e-26	-0.412188104918906	0.144	0.43	6.26672654031002e-22
"Atp6v1e1"	3.8189593547211e-26	0.958363922835168	0.546	0.423	6.52774722502478e-22
"Ccnd1"	4.01568228934195e-26	-0.516668966291702	0.062	0.3	6.8640057371722e-22
"Mrps18b"	4.24285136930792e-26	-0.473727970400833	0.181	0.475	7.25230584555803e-22
"Gapdh"	4.41073513679124e-26	-0.513482375425591	0.716	0.918	7.53926956931727e-22
"Hmgn5"	4.48693175296078e-26	-0.455018739484205	0.229	0.53	7.66951244533586e-22
"Hdgf"	5.20181232508271e-26	-0.523208749172988	0.392	0.687	8.89145780726388e-22
"Hipk1"	5.48447258656119e-26	0.729327619907788	0.264	0.117	9.37460899220904e-22
"Glul"	5.58083227987698e-26	0.883515704652566	0.33	0.171	9.53931661599372e-22
"Smco4"	6.31650799681177e-26	-0.481047229115739	0.106	0.365	1.07968071189504e-21
"Timm10"	7.46331085442873e-26	-0.467300146057456	0.174	0.454	1.2757037243475e-21
"Rpa3"	9.34951710983139e-26	-0.480776693895795	0.135	0.405	1.59811295958348e-21
"Tomm40"	9.45481325613481e-26	-0.505009148628146	0.298	0.598	1.61611122987112e-21
"Dek"	1.07445014296889e-25	-0.621795415583343	0.307	0.592	1.83655762937673e-21
"Nenf"	1.19732982997475e-25	0.836777783836612	0.445	0.288	2.04659587837585e-21
"Ndufa9"	1.32685852297423e-25	-0.456991236481517	0.282	0.59	2.26799927331985e-21
"Gcsh"	2.26118212091957e-25	-0.434570920383297	0.124	0.39	3.86503859928781e-21
"Fmc1"	2.27163155134584e-25	-0.43966309948733	0.312	0.63	3.88289981071544e-21
"Sdc4"	2.27323041457808e-25	-0.495106242143121	0.213	0.506	3.88563274763831e-21
"Pgls"	2.71558718696545e-25	-0.446462694222103	0.553	0.848	4.64175317868004e-21
"Akr1c19"	2.78255520843375e-25	0.778066067124494	0.42	0.246	4.75622161777581e-21
"Ndufa5"	2.86160070705825e-25	-0.481465000786187	0.578	0.836	4.89133408857467e-21
"Atp5c1"	3.18474490794552e-25	-0.443260009296743	0.773	0.933	5.44368447115127e-21
"Tox3"	3.58794185907562e-25	0.782277229573484	0.278	0.128	6.13286901971796e-21
"Uqcrc2"	3.78412182619904e-25	-0.501614002794377	0.507	0.792	6.46819943752203e-21
"Arl5a"	3.91077009220208e-25	0.865541767104837	0.266	0.124	6.68467931860101e-21
"Ncor1"	3.97573157993793e-25	0.934540331064801	0.601	0.524	6.7957179895879e-21
"Ndufb10"	4.36977837912514e-25	-0.504950774344437	0.649	0.874	7.46926218343861e-21
"Aadac"	4.94519604817245e-25	-0.4844831828589	0.06	0.294	8.45282360514118e-21
"Tomm22"	5.79631504907409e-25	-0.459734027850763	0.429	0.747	9.90764131338235e-21
"Ndufb9"	1.06569558091751e-24	-0.430760582786458	0.805	0.941	1.82159345646229e-20
"Idh2"	1.12114437610582e-24	-0.435364404298578	0.282	0.586	1.91637208207768e-20
"Aff4"	1.48365805649687e-24	0.740252748651497	0.271	0.126	2.53601671597009e-20
"Gpx4"	1.50159640623145e-24	-0.448579016440248	0.511	0.807	2.56667873717141e-20
"Apex1"	1.84275289005184e-24	-0.442271253623256	0.163	0.436	3.14981751496562e-20
"Mrpl35"	2.36594657731041e-24	-0.418064866503711	0.22	0.515	4.04411248459668e-20
"Nudcd2"	2.38553253652901e-24	-0.412332068906696	0.167	0.442	4.07759076468903e-20
"Cenpa"	2.40741281366094e-24	-0.691889322193405	0.071	0.302	4.11499072239064e-20
"Serinc1"	2.57156804832988e-24	0.628267734298308	0.259	0.116	4.39558126501027e-20
"Gspt1"	2.78815098284922e-24	1.45127698955103	0.557	0.488	4.76578647498418e-20
"H2-Eb1"	2.86517576372842e-24	-0.815000951241543	0.08	0.308	4.89744493294098e-20
"Serpinb6a"	3.2092873892919e-24	-0.543036704722875	0.294	0.586	5.48563493451664e-20
"Ehf"	3.43711580442774e-24	-0.467876395242076	0.124	0.382	5.87506204450833e-20
"Mrpl36"	4.08580823021159e-24	-0.40063595202689	0.342	0.661	6.98387200790068e-20
"Man2a1"	4.09939307264779e-24	0.728558088596082	0.273	0.129	7.00709257907687e-20
"Psmb9"	4.31269149436296e-24	-0.43832217576274	0.19	0.472	7.37168357131462e-20
"Krtcap2"	4.31416542730768e-24	-0.507115025665687	0.498	0.808	7.37420296489701e-20
"Ifrd2"	4.52302633090947e-24	-0.438937263850734	0.106	0.358	7.73120890742355e-20
"Aldh2"	5.05348319360321e-24	-0.541503504830471	0.165	0.434	8.63791882282596e-20
"Exosc8"	5.40661502844195e-24	-0.442750332546073	0.119	0.374	9.24152706811582e-20
"Slc39a5"	5.62201886174848e-24	-0.423525659812673	0.071	0.301	9.60971684038667e-20
"S100a11"	5.68979810044952e-24	-0.535068381350251	0.19	0.459	9.72557189309836e-20
"Myo1b"	6.48826744956012e-24	0.710292533197348	0.28	0.133	1.10903955515331e-19
"Alyref"	6.98918299705476e-24	-0.533109624134469	0.248	0.523	1.19466104968657e-19
"Bzw1"	7.58518702218259e-24	-0.459996569044224	0.378	0.682	1.29653601770167e-19
"Cds1"	7.90258088022832e-24	-0.435878708092314	0.039	0.257	1.35078814985743e-19
"Nars"	7.96080280404545e-24	-0.438778085011	0.282	0.589	1.36074002329549e-19
"Efcab14"	7.96794096823493e-24	0.755737513145721	0.287	0.142	1.3619601497004e-19
"Rsl1d1"	8.13501312239177e-24	-0.429624576505526	0.195	0.478	1.39051779301043e-19
"Mrps25"	8.6286733086869e-24	-0.444113567463837	0.193	0.47	1.47489912865385e-19
"Dnajc19"	8.94320345526647e-24	-0.376121620577931	0.268	0.581	1.5286617666087e-19
"Nudt19"	1.24387256594538e-23	-0.395421026659256	0.174	0.445	2.12615137697043e-19
"Slc25a5"	1.54065299773851e-23	-0.432009618782978	0.803	0.942	2.63343816903444e-19
"Txnl1"	1.67951401373074e-23	-0.404112606653223	0.383	0.7	2.87079330366996e-19
"AY761184"	2.07770544346582e-23	-1.34802289057492	0.894	0.877	3.55142191451613e-19
"Mrpl15"	2.15366877656627e-23	-0.402837236734429	0.337	0.645	3.68126603978472e-19
"Pafah1b3"	2.54712827206049e-23	-0.411816435929531	0.317	0.632	4.353806355433e-19
"Cdx1"	2.63729954115937e-23	-0.410907188730028	0.209	0.486	4.50793610570371e-19
"Cldn7"	2.86966765978465e-23	-0.399168712851283	0.858	0.969	4.9051229308699e-19
"Pole3"	2.91077500223817e-23	-0.37490983546253	0.103	0.352	4.97538771132571e-19
"Marc2"	3.42067932065922e-23	-0.564214578675463	0.468	0.767	5.8469671628028e-19
"Ddx17"	3.54209206348053e-23	0.884022468306684	0.333	0.184	6.05449796410727e-19
"Ndufv1"	4.26680188265463e-23	-0.45403850451526	0.401	0.713	7.29324445802155e-19
"Cth"	4.70439567502576e-23	-0.480420896574937	0.108	0.342	8.04122352732153e-19
"Timm8b"	4.77465066591984e-23	-0.385312605737212	0.404	0.718	8.16131038325678e-19
"Ppp1cb"	5.53194187072742e-23	0.804557829893655	0.44	0.3	9.45574823963438e-19
"Cd302"	5.706026536563e-23	-0.440557694382111	0.05	0.265	9.75331115894714e-19
"Aimp2"	5.74991045799508e-23	-0.435048496409296	0.106	0.347	9.82832194585099e-19
"0610012G03Rik"	6.22485694150253e-23	-0.441065314538844	0.399	0.698	1.06401479701103e-18
"4833439L19Rik"	6.38029921224207e-23	0.742111843229542	0.294	0.15	1.09058454434854e-18
"Atad3a"	6.52640557988433e-23	-0.431723110391232	0.128	0.379	1.11555850576963e-18
"Myb"	6.95243397160974e-23	-0.465608651586828	0.05	0.263	1.18837953876725e-18
"Fkbp3"	7.10336228144901e-23	-0.414726623039846	0.333	0.635	1.21417771476808e-18
"Sdsl"	8.00813180164468e-23	-0.370391446323494	0.179	0.454	1.36882996885513e-18
"Actn1"	8.05393534898334e-23	0.804151275922454	0.335	0.188	1.37665916920172e-18
"Tfam"	8.58706251399127e-23	-0.420049788004125	0.174	0.432	1.46778659551653e-18
"Rere"	8.6408284114135e-23	0.717557417927394	0.289	0.145	1.47697680036291e-18
"Vezf1"	1.0511629129444e-22	0.676966319368086	0.257	0.121	1.79675276709586e-18
"Samm50"	1.09601757682763e-22	-0.411181568634548	0.271	0.571	1.87342284407147e-18
"U2af1"	1.49117431204981e-22	-0.400139907851274	0.401	0.693	2.54886425158675e-18
"Lmnb1"	1.5449604598397e-22	-0.422445672050948	0.071	0.298	2.640800914004e-18
"Uqcr11"	1.57663373307413e-22	-0.390554568171684	0.839	0.954	2.69494003994361e-18
"Sdccag8"	1.77857061390823e-22	0.951465059095061	0.353	0.208	3.04011075035333e-18
"Ascl2"	1.86727025336702e-22	-0.598256614502011	0.053	0.258	3.19172504408025e-18
"Chchd1"	1.93263945307081e-22	-0.432583274130176	0.369	0.659	3.30346061713393e-18
"Uqcrc1"	1.93275731098243e-22	-0.455141797876299	0.495	0.774	3.30366207166226e-18
"Plgrkt"	2.32566912452788e-22	-0.438898834973416	0.204	0.47	3.97526623455551e-18
"Plaat3"	2.48399379650301e-22	-0.394422264061844	0.165	0.432	4.24589059636259e-18
"Timm9"	3.25130825948395e-22	-0.410233209150776	0.19	0.458	5.55746120793591e-18
"Rbp7"	3.61018999834394e-22	-0.626879620248861	0.071	0.29	6.1708977641693e-18
"Siva1"	3.93999267287953e-22	-0.478950804721895	0.151	0.4	6.73462947575299e-18
"Higd2a"	4.22019284533457e-22	-0.391082027208847	0.397	0.701	7.21357563053038e-18
"Plcb3"	4.61115036332746e-22	-0.408132845736873	0.055	0.268	7.88183931603562e-18
"Snrpd3"	5.22118101201738e-22	-0.424594838688286	0.337	0.641	8.92456470384131e-18
"Arg2"	5.40750976885849e-22	-0.870594538300656	0.096	0.32	9.24305644790982e-18
"Timm23"	5.58095602009289e-22	-0.428200892908052	0.378	0.672	9.53952812514477e-18
"Phf5a"	5.61152456114075e-22	-0.414200991566384	0.374	0.669	9.59177893235789e-18
"Ppih"	5.66830022471875e-22	-0.405967891372964	0.122	0.36	9.68882557411176e-18
"Brix1"	5.75626338461444e-22	-0.386363321044702	0.158	0.412	9.83918100332146e-18
"Pycrl"	6.10819700337102e-22	-0.370912554266313	0.204	0.481	1.04407411378621e-17
"1190007I07Rik"	6.4659584092192e-22	-0.381840242641535	0.151	0.403	1.10522627088784e-17
"Tuba1b"	7.14056754556501e-22	-0.516948532058823	0.193	0.446	1.22053721056343e-17
"2210016F16Rik"	7.35516080788783e-22	-0.391014740764908	0.135	0.381	1.25721763689227e-17
"Sae1"	7.67444169804009e-22	-0.406801505222726	0.142	0.394	1.31179231944599e-17
"Fahd1"	7.81367417551972e-22	-0.407006894538128	0.154	0.399	1.33559132682159e-17
"Snhg3"	7.95656817789104e-22	-0.43562679081797	0.14	0.385	1.36001619864692e-17
"Dhrs7b"	8.76821998425606e-22	-0.400323714838345	0.057	0.269	1.49875184190889e-17
"Ppa2"	9.23386121470339e-22	-0.421947983827357	0.232	0.503	1.57834389742925e-17
"Erh"	9.67964330161482e-22	-0.412555928085712	0.209	0.478	1.65454142954502e-17
"Baz2b"	9.76278298988658e-22	0.821297620040087	0.344	0.202	1.66875249646131e-17
"AW112010"	1.04782381945332e-21	-0.823131506300482	0.069	0.28	1.79104525459157e-17
"Ms4a10"	1.10144553813331e-21	-0.470197004158259	0.078	0.301	1.88270085833126e-17
"Hjurp"	1.17149959361101e-21	0.987170049014175	0.376	0.239	2.0024442553593e-17
"Smc4"	1.22835846401169e-21	-0.44084623312847	0.099	0.33	2.09963312253518e-17
"Sult1b1"	1.46744310159996e-21	-0.54430507017745	0.071	0.284	2.50830049356481e-17
"Tsfm"	1.54414388735325e-21	-0.398407531719479	0.188	0.442	2.63940514665291e-17
"Taf1d"	1.61282353902904e-21	-0.409285142965313	0.239	0.517	2.75679927526233e-17
"Dync1h1"	1.70831440510308e-21	0.76026640130881	0.319	0.176	2.92002181264269e-17
"Ndufv2"	1.99093003929366e-21	-0.457897122488971	0.544	0.802	3.40309671616465e-17
"Rnpep"	2.13193408208805e-21	0.801508144100841	0.55	0.451	3.64411492651311e-17
"Lig1"	2.19752234789949e-21	-0.534428702702811	0.073	0.282	3.7562249492646e-17
"Aldob"	2.21367875638215e-21	-0.502290647149387	0.342	0.633	3.78384109828401e-17
"Rp9"	2.25217855234964e-21	-0.400752678029829	0.303	0.59	3.84964879953124e-17
"Arid1a"	2.50204554244184e-21	0.663872707115156	0.252	0.12	4.27674644569584e-17
"Pa2g4"	2.53089426038611e-21	-0.420853517971319	0.294	0.577	4.32605755927797e-17
"Gkn3"	2.60886818426175e-21	-0.679378867630694	0.057	0.264	4.45933838735861e-17
"Mrpl34"	2.90955764535255e-21	-0.447851037919314	0.484	0.77	4.97330688320112e-17
"Dkc1"	3.36802851217731e-21	-0.398045248079714	0.092	0.317	5.75697113586468e-17
"Calr"	3.45291874601904e-21	0.658555805110679	0.713	0.664	5.90207401257034e-17
"2410006H16Rik"	3.60978438551299e-21	-0.539578370852773	0.459	0.744	6.17020445015735e-17
"Anxa4"	3.71861274887436e-21	0.610520628745399	0.716	0.719	6.35622477165095e-17
"Arf5"	4.23076351446859e-21	0.606270249115456	0.761	0.786	7.23164407528115e-17
"Smim24"	5.22351430939599e-21	-0.660545610758003	0.484	0.744	8.92855300905057e-17
"Lad1"	5.5066111067489e-21	-0.382973284124449	0.089	0.311	9.41245036476589e-17
"Sptan1"	5.6451836268104e-21	0.704504014522391	0.273	0.138	9.64931237330702e-17
"Mrps15"	6.35918907254584e-21	-0.374770172410966	0.314	0.604	1.08697618817026e-16
"Mcrip1"	6.68580577791708e-21	0.816019762567365	0.353	0.213	1.14280478161937e-16
"Polr1d"	6.80822306233162e-21	-0.374108382282181	0.544	0.829	1.16372956804434e-16
"Ola1"	7.28175598193984e-21	-0.389613858211701	0.278	0.569	1.24467054999298e-16
"Epb41l4aos"	7.97128342423113e-21	-0.427582194463139	0.124	0.354	1.36253147570383e-16
"Hibadh"	8.83441993269791e-21	0.86647701572824	0.427	0.296	1.51006739909605e-16
"Mrpl23"	9.23225878380037e-21	-0.382614015034352	0.438	0.737	1.578069993915e-16
"Tubb4b"	9.64833507829758e-21	-0.781058477015562	0.573	0.768	1.6491899149334e-16
"Tjp3"	1.04035185070725e-20	-0.392603257802695	0.126	0.362	1.7782734184139e-16
"Psmb2"	1.12777606136996e-20	-0.417415122342595	0.534	0.819	1.92770762169967e-16
"Mrps16"	1.16543198599907e-20	-0.397197468091116	0.392	0.688	1.99207289366821e-16
"Cks1b"	1.17601559208536e-20	-0.402869885469884	0.076	0.285	2.0101634515515e-16
"Abhd14a"	1.24181815579359e-20	-0.390249632847944	0.167	0.411	2.12263977369798e-16
"Maoa"	1.34462967247279e-20	-0.457741426625567	0.085	0.3	2.29837549915775e-16
"Eci1"	1.43604071738436e-20	-0.390982671703921	0.284	0.566	2.45462439822509e-16
"Bax"	1.47491359530896e-20	0.791881407992554	0.583	0.518	2.5210698084616e-16
"Sat1"	1.51127170977848e-20	-0.381302665860545	0.112	0.346	2.58321673352436e-16
"Mcrip2"	1.72732910972777e-20	-0.373803409772831	0.14	0.374	2.95252364725768e-16
"Prelid1"	1.75196313014079e-20	-0.413008241868888	0.459	0.728	2.99463057834965e-16
"Dnm2"	1.94928000909388e-20	0.746852241241667	0.294	0.157	3.33190431954416e-16
"Map4k4"	2.11002533382098e-20	0.69633723420764	0.28	0.146	3.6066663031002e-16
"Gstm1"	2.21883428845349e-20	-0.432382761352618	0.076	0.282	3.79265344925355e-16
"Dnajc9"	2.59442427158538e-20	-0.392510309565279	0.096	0.317	4.43464940742088e-16
"Nckap1"	3.07165951620706e-20	0.85600132896705	0.358	0.224	5.25038761105274e-16
"Rrp15"	3.31574523902123e-20	-0.380948190019361	0.092	0.308	5.66760333705899e-16
"Ndufs7"	3.36036260360102e-20	-0.422831666919866	0.656	0.868	5.74386779833523e-16
"Sptssa"	3.41284820110687e-20	-0.42505487583613	0.404	0.699	5.83358143015196e-16
"Rexo2"	3.49055271002452e-20	-0.393081569954717	0.158	0.4	5.96640174724491e-16
"Vcp"	3.77003777960166e-20	0.768812139176204	0.626	0.589	6.44412557667311e-16
"Blvrb"	3.77320505704079e-20	-0.386947266309625	0.149	0.384	6.44953940399982e-16
"Serinc3"	4.0958079536585e-20	-0.37770648125063	0.264	0.542	7.00096453518848e-16
"Reg3g"	4.41749773083733e-20	-1.45062291831766	0.147	0.372	7.55082887132025e-16
"Atp5k"	4.55566191003513e-20	-0.384976851910746	0.766	0.923	7.78699290282305e-16
"Arl6ip1"	5.14143604554063e-20	-0.635995376344303	0.362	0.614	8.7882566326426e-16
"S100a16"	5.4369897494589e-20	-0.423378352274513	0.087	0.298	9.2934465787501e-16
"Cox20"	5.56786578870679e-20	-0.40221132001545	0.401	0.689	9.51715299263652e-16
"Atp8b1"	6.42757530284129e-20	0.968833643267803	0.429	0.316	1.09866544651466e-15
"Nasp"	8.90497957459777e-20	-0.423825770520291	0.156	0.392	1.522128158686e-15
"Uqcc2"	8.92237371671997e-20	0.727923213962706	0.672	0.666	1.52510133939894e-15
"Exosc5"	9.41385757344413e-20	-0.373269405583368	0.186	0.435	1.60911067502881e-15
"Pkig"	9.52912321607409e-20	-0.396714165676977	0.2	0.448	1.62881303132354e-15
"Hat1"	1.00344929813569e-19	-0.384470893177666	0.073	0.277	1.71519588530333e-15
"Casp1"	1.22223825647418e-19	-0.378355183582059	0.144	0.384	2.08917185179132e-15
"Npm3"	1.29768453705567e-19	-0.390909007505473	0.151	0.387	2.21813217918926e-15
"Ndufb3"	1.55439311164809e-19	-0.404402377332602	0.445	0.742	2.65692414574008e-15
"Gm14851"	1.60915472766728e-19	-1.49121580615923	0.856	0.853	2.75052817600168e-15
"Grpel1"	2.06904530056946e-19	-0.380659274477003	0.406	0.693	3.53661913226339e-15
"Shmt1"	2.10807405563886e-19	-0.414793788017324	0.064	0.259	3.6033309833035e-15
"Txndc17"	2.60247333889322e-19	-0.411439527053262	0.511	0.785	4.44840767817018e-15
"Fndc3a"	2.97900680983641e-19	0.729461630702556	0.367	0.229	5.09201634005337e-15
"Ly6e"	3.32417694829233e-19	-0.512586267585515	0.3	0.571	5.68201565771608e-15
"Nucks1"	3.46494636418049e-19	-0.460973224009684	0.385	0.635	5.92263282029371e-15
"Psmb10"	3.65086743144483e-19	-0.397065547211495	0.422	0.718	6.24042770056865e-15
"Etfa"	3.76021345233539e-19	-0.372921050366071	0.374	0.643	6.42733285407689e-15
"Slbp"	3.88807831276158e-19	-0.401483650486351	0.177	0.411	6.64589226000337e-15
"H2-Ab1"	4.63875937547956e-19	-0.586808211985948	0.14	0.361	7.9290314005072e-15
"Ndufa12"	5.2745997377969e-19	-0.378959613265478	0.642	0.86	9.01587333181625e-15
"Arfgef1"	5.30466546106461e-19	0.886260637236986	0.365	0.237	9.06726467259774e-15
"Cenpv"	5.67938512923262e-19	-0.409374750775562	0.482	0.749	9.70777300139732e-15
"Hsp90aa1"	5.9274765633294e-19	0.643676624925868	0.732	0.711	1.01318356896989e-14
"Dynll1"	6.14826581097515e-19	0.636544584038564	0.718	0.682	1.05092307506998e-14
"Fryl"	6.35396800443058e-19	0.676187743760298	0.289	0.154	1.08608375099732e-14
"Cldn3"	8.19831933650854e-19	-0.382447569489509	0.633	0.891	1.4013387241894e-14
"Psme2"	9.39738488557231e-19	-0.397236020957065	0.518	0.779	1.60629499849087e-14
"Ndufb4"	1.07992827552459e-18	-0.392962768997709	0.569	0.81	1.84592140135417e-14
"Mgst3"	1.1757941042966e-18	-0.612959092085056	0.617	0.842	2.00978486247418e-14
"Ddx3x"	1.2062647856923e-18	0.75672176149842	0.353	0.22	2.06186839818385e-14
"Tnks2"	1.21526040354716e-18	0.71292823905939	0.312	0.182	2.07724460778316e-14
"Mcm7"	1.60031843827505e-18	-0.380420529411472	0.08	0.277	2.73542430654353e-14
"Zfas1"	1.73068297406688e-18	-0.386011862627647	0.213	0.463	2.95825640757252e-14
"Pbrm1"	1.92065317171234e-18	0.723910432819065	0.372	0.241	3.28297246640791e-14
"Morf4l1"	2.07244695040323e-18	0.827731685925134	0.55	0.488	3.54243357232423e-14
"Ankrd54"	3.10658780280085e-18	0.734446493051342	0.284	0.158	5.3100905313275e-14
"Wnk1"	3.57136529192781e-18	0.759554531598425	0.273	0.148	6.10453469349221e-14
"Smarca4"	3.97325654240679e-18	0.85168043749247	0.378	0.254	6.79148740793592e-14
"Nedd4"	4.77599843672067e-18	0.764190542741452	0.544	0.467	8.16361412788665e-14
"Cltc"	7.02080134380392e-18	0.831362970224203	0.427	0.314	1.2000655736964e-13
"Grcc10"	9.0993274845451e-18	0.637374542708776	0.658	0.662	1.55534804693329e-13
"Mlxipl"	1.04684808933786e-17	0.756319931475575	0.298	0.173	1.7893774391052e-13
"Agpat2"	1.22715568458617e-17	-0.443203130946357	0.115	0.318	2.09757721166314e-13
"Ppp4r2"	2.01654555402738e-17	0.827653347023128	0.381	0.261	3.44688131549901e-13
"Hspa5"	2.06758703533242e-17	0.54230137668329	0.739	0.707	3.53412651949371e-13
"Anxa13"	5.79938670754113e-17	-0.469996204878174	0.135	0.339	9.91289169920006e-13
"Ssbp3"	6.01156999671662e-17	0.587719736804274	0.252	0.133	1.02755765953877e-12
"C1galt1"	6.02137775758465e-17	0.690747017481403	0.335	0.208	1.02923410010394e-12
"Ubn2"	7.32542622355558e-17	0.627349305383859	0.273	0.151	1.25213510439235e-12
"Rbm3"	8.50500127864755e-17	-0.380999909156202	0.67	0.875	1.45375986855923e-12
"Dcaf11"	9.02184376396368e-17	0.746845687623026	0.367	0.247	1.54210375457431e-12
"1500011B03Rik"	1.03175041901875e-16	0.617057076294702	0.252	0.134	1.76357099122875e-12
"Ankrd11"	1.08201592236375e-16	0.850341934374105	0.477	0.381	1.84948981609635e-12
"Gstz1"	1.11298896993351e-16	0.816615423251165	0.326	0.207	1.90243204630735e-12
"Acot7"	1.27174576872725e-16	-0.379048862087303	0.085	0.265	2.17379504248549e-12
"Tut7"	1.2732008891061e-16	0.670263452663928	0.28	0.158	2.17628227974905e-12
"Vdac3"	1.31622646107662e-16	-0.389756259049297	0.401	0.666	2.24982588991827e-12
"Me2"	1.61486850254814e-16	1.16415642088126	0.562	0.525	2.76029473140554e-12
"Khk"	1.77998219536506e-16	-0.414591560085796	0.142	0.349	3.04252356653749e-12
"Pura"	3.7868297513756e-16	0.697225510608457	0.521	0.441	6.47282809402631e-12
"Myh9"	3.97040850262162e-16	0.783480453145747	0.358	0.239	6.78661925353114e-12
"Manf"	4.16520799305217e-16	-0.488000380077793	0.443	0.708	7.11959002252407e-12
"Tmem30a"	4.24660971824115e-16	0.73051804355284	0.261	0.147	7.2587299913896e-12
"Csde1"	4.65060640369714e-16	0.789328399625782	0.404	0.287	7.94928152583951e-12
"Cdhr2"	4.80413583490945e-16	0.626074593342766	0.25	0.133	8.21170938261072e-12
"Cirbp"	5.87847825303729e-16	0.731014281495188	0.399	0.285	1.00480828779166e-11
"Ash1l"	6.90738993710396e-16	0.701638763245782	0.305	0.187	1.18068016194918e-11
"Cat"	7.44795863594474e-16	0.730714069119335	0.261	0.147	1.27307956964203e-11
"Csrp2"	8.59662135883271e-16	-0.380921618626965	0.622	0.81	1.46942048886527e-11
"Fam83e"	9.23690144397017e-16	0.75553794246649	0.266	0.15	1.57886356381782e-11
"Dgat1"	1.02284548632131e-15	-0.404684731874551	0.167	0.371	1.74834978976901e-11
"Ccni"	1.29265163916094e-15	0.707359131066036	0.275	0.161	2.20952944681779e-11
"Prxl2b"	1.37463173942792e-15	-0.392225987559806	0.204	0.425	2.34965803220415e-11
"Atrx"	1.66223205334135e-15	0.842087877932068	0.438	0.348	2.84125324877637e-11
"Ifi27"	2.4673346978208e-15	0.68576615532937	0.335	0.214	4.2174151989851e-11
"Tnrc6c"	2.64764513293792e-15	0.684754199398511	0.271	0.156	4.52561982573079e-11
"Myo6"	3.03956193450336e-15	0.737092256976435	0.452	0.359	5.1955232146466e-11
"Pcna"	3.68361291126138e-15	-0.388059392640483	0.181	0.382	6.29639954921907e-11
"Rbm5"	4.06886113200349e-15	0.738113619776719	0.291	0.178	6.95490433293356e-11
"Hnrnph1"	4.10662583044657e-15	0.778605029822327	0.376	0.266	7.01945553198232e-11
"Itgb1"	5.25211273337583e-15	0.695058814711502	0.374	0.267	8.97743629515931e-11
"Gnas"	8.80195008736162e-15	0.470299740587633	0.794	0.834	1.50451732843272e-10
"Bptf"	9.20143961281652e-15	0.655095277276484	0.291	0.178	1.57280207301873e-10
"Ctdspl"	1.76131338005582e-14	0.611515687750141	0.28	0.169	3.01061296052942e-10
"Stx16"	2.03922492323817e-14	0.633516993622117	0.264	0.155	3.485647161291e-10
"Txndc12"	2.21910636601522e-14	0.733986292794488	0.36	0.254	3.79311851142981e-10
"Ncl"	2.50535822183388e-14	-0.413386396740078	0.585	0.797	4.28240880858064e-10
"Atp6v0d1"	2.85675945562531e-14	0.691927242331863	0.296	0.185	4.88305893750034e-10
"Ankrd17"	2.97185822669388e-14	0.643353185980586	0.278	0.167	5.07979726688784e-10
"Dpp4"	3.21450626582857e-14	0.680048853354613	0.282	0.173	5.49455556018077e-10
"Glod5"	3.641360564455e-14	-0.396367483899661	0.278	0.503	6.22417761282294e-10
"Psap"	4.61482792265723e-14	0.770916918364782	0.45	0.365	7.88812536819801e-10
"Dnaja1"	4.70749303166834e-14	0.570129047967974	0.706	0.733	8.0465178390307e-10
"Ubl3"	5.09546372360187e-14	0.680249953175772	0.289	0.18	8.70967614275267e-10
"Celf1"	5.69393318493892e-14	0.692945178198834	0.303	0.195	9.7326399930161e-10
"Atp2a2"	6.368885531894e-14	0.642810187925979	0.367	0.258	1.08863360396664e-09
"Fkbp1a"	6.68878792633245e-14	0.605744092316783	0.631	0.633	1.14331452024801e-09
"Rbm39"	8.48566339640644e-14	0.507004460369844	0.725	0.758	1.45045444434775e-09
"Purb"	9.59241611883872e-14	0.641403615224138	0.594	0.588	1.6396316871931e-09
"Ostc"	1.18753142218323e-13	-0.388721183960904	0.44	0.684	2.02984745993779e-09
"Hist1h1b"	1.23193798987758e-13	-0.523858379752233	0.154	0.335	2.10575160609774e-09
"Phf20l1"	1.40628508835019e-13	0.598461826804331	0.25	0.145	2.40376310151697e-09
"Zfpm1"	1.56120557163366e-13	0.778139350427896	0.31	0.205	2.66856868359341e-09
"Tm9sf3"	1.62633058962636e-13	0.66155836016704	0.638	0.64	2.77988687684833e-09
"Hist1h2ap"	1.78236528828741e-13	-0.475188787365443	0.147	0.325	3.04659698726967e-09
"Atox1"	1.82257570362689e-13	0.461227570887268	0.761	0.813	3.11532865020944e-09
"Tnrc6b"	2.10875002900693e-13	0.639584696151271	0.255	0.149	3.60448642458155e-09
"Baiap2l2"	2.15904672326202e-13	0.830339598792163	0.383	0.286	3.69045856407177e-09
"BC005537"	2.61158705810561e-13	0.690460049544554	0.255	0.15	4.46398575841993e-09
"Smim6"	2.98404798635366e-13	0.462870946330792	0.546	0.44	5.10063322307431e-09
"Usp34"	6.39010284103021e-13	0.64792770376649	0.42	0.331	1.09226027861729e-08
"Tle5"	8.70408013537197e-13	0.448543219346957	0.817	0.883	1.48778841753913e-08
"Guca2a"	9.68473723569903e-13	-1.58243102297389	0.183	0.348	1.65541213569804e-08
"Sis"	1.11873324810509e-12	0.482738014650465	0.294	0.174	1.91225074098603e-08
"Cyhr1"	1.96721896570559e-12	0.757049901610737	0.388	0.302	3.36256737808057e-08
"Agpat3"	3.156129685554e-12	0.713786163367888	0.3	0.199	5.39477247151744e-08
"Ube2e3"	3.17322659555677e-12	0.777421430859172	0.452	0.399	5.42399621978518e-08
"Sox4"	3.42108435811417e-12	0.675444155438712	0.436	0.332	5.84765949332456e-08
"Golga4"	3.42336189735038e-12	0.7109024046046	0.307	0.208	5.851552491141e-08
"Lap3"	3.5268446021055e-12	0.688536459773583	0.475	0.411	6.02843547837894e-08
"Ier2"	4.3926393623211e-12	1.00827426611405	0.631	0.674	7.50833846201546e-08
"1110008P14Rik"	7.76925123938566e-12	0.61591863776119	0.346	0.251	1.32799811434819e-07
"Muc2"	8.25492695880187e-12	-1.78869501945257	0.154	0.299	1.411014665068e-07
"Npdc1"	9.86794755399656e-12	0.617080254132973	0.294	0.193	1.68672827540463e-07
"Papss1"	1.00098621702423e-11	0.584484279114381	0.344	0.246	1.71098574075952e-07
"Mycbp2"	1.13537755474914e-11	0.56645123830968	0.278	0.178	1.9407008543327e-07
"Ssbp4"	1.14998873293811e-11	0.683570969349937	0.372	0.285	1.96567574121112e-07
"Odc1"	1.17005436815314e-11	0.732490122719816	0.406	0.33	1.99997393148417e-07
"Tagln2"	2.10448245864263e-11	0.57212177427465	0.704	0.746	3.59719186655785e-07
"Brd2"	2.43338364855649e-11	0.658626691282022	0.264	0.168	4.15938267047761e-07
"Zdhhc3"	2.65574753760449e-11	0.606813371995814	0.353	0.268	4.53946926602735e-07
"Hdac1"	2.71137725562427e-11	0.692379084789092	0.335	0.249	4.63455714303856e-07
"Tcf25"	2.9988599510882e-11	0.660369155944892	0.482	0.44	5.12595131439506e-07
"Gabarapl2"	4.27182238322689e-11	0.58880882351833	0.546	0.542	7.30182599964972e-07
"Calm3"	4.71601075428992e-11	0.540851827277641	0.635	0.642	8.06107718230776e-07
"Rab7"	4.88893703411202e-11	0.690330342081108	0.392	0.321	8.35666007240767e-07
"Esrp1"	5.11034887408318e-11	0.568672426405088	0.25	0.157	8.73511933047038e-07
"Hdlbp"	5.17624912654183e-11	0.638654619745671	0.546	0.512	8.84776263199794e-07
"Zfp622"	5.58628107916368e-11	0.706642722146051	0.3	0.21	9.54863024861448e-07
"Gpd1"	8.27589004331136e-11	0.603320254446056	0.268	0.177	1.41459788510321e-06
"Oit1"	9.00542634163414e-11	0.79310931326913	0.401	0.325	1.53929752457552e-06
"Rnpepl1"	1.07442896378584e-10	0.643106671583807	0.252	0.163	1.83652142779914e-06
"Luc7l2"	5.28054879481083e-10	0.68532839902557	0.489	0.45	9.02604205497016e-06
"Acbd3"	6.46209711473592e-10	0.542081690101857	0.328	0.241	1.10456625982181e-05
"Birc6"	9.68482482297794e-10	0.624413435797025	0.264	0.178	1.65542710699162e-05
"Atp1a1"	1.01083654101725e-09	0.641190740379444	0.576	0.589	1.72782289956078e-05
"Gnb1"	1.04408628003749e-09	0.53048451327976	0.553	0.535	1.78465667846808e-05
"Ubn1"	1.55208246617558e-09	0.694116003364346	0.353	0.281	2.65297455943391e-05
"Usp9x"	1.68421380367126e-09	0.590317594125047	0.261	0.177	2.87882665461528e-05
"Rnf11"	1.72146410959872e-09	0.526694722687584	0.259	0.175	2.94249860253709e-05
"Tuba4a"	1.76901768544274e-09	0.665108535440239	0.394	0.332	3.02378192972727e-05
"Eif3c"	1.81404673827924e-09	0.438889674664544	0.686	0.741	3.10075008974071e-05
"Kif5b"	1.85093569824191e-09	0.551404559895943	0.594	0.615	3.16380438900489e-05
"Rab14"	1.99044928220181e-09	0.560927745095965	0.567	0.58	3.40227495806755e-05
"Cyth2"	2.17999619270286e-09	0.549790763745796	0.278	0.194	3.726267492187e-05
"Rab4b"	2.48259812709458e-09	0.579037362528351	0.319	0.239	4.24350497864276e-05
"Clcn3"	3.54303440246544e-09	0.605118553585365	0.298	0.217	6.05610870413418e-05
"Psmd4"	3.56202507022453e-09	0.514794153216934	0.631	0.685	6.08856945253478e-05
"Pigr"	3.63135605167198e-09	0.789967693871144	0.725	0.806	6.20707689912292e-05
"Fabp1"	4.58433984360155e-09	-1.10332209956351	0.257	0.401	7.83601209466812e-05
"Polr2k"	4.77166830300329e-09	0.69376136064796	0.491	0.48	8.15621263032352e-05
"Tmem246"	5.00185345154439e-09	0.592132740034858	0.278	0.199	8.54966810472483e-05
"Sod1"	5.39200725506349e-09	0.667270009807411	0.461	0.425	9.21655800108002e-05
"Clk1"	6.21685738677247e-09	0.530416122132449	0.261	0.178	0.000106264743312102
"Eml4"	7.04621332545719e-09	0.705219186185675	0.417	0.364	0.00012044092437204
"Hsp90b1"	7.48740899682432e-09	0.465391414186826	0.656	0.672	0.000127982281982718
"Kmt2e"	8.64443411225133e-09	0.616767033299542	0.333	0.259	0.000147759312280712
"Asns"	1.11776318674516e-08	0.647614665686908	0.351	0.286	0.000191059261510351
"Fcgbp"	1.17362421584861e-08	-2.0802658661365	0.245	0.372	0.000200607587215004
"Tax1bp1"	1.19476422932254e-08	0.525909279193989	0.644	0.71	0.000204221049718102
"Nsd1"	1.23122150763209e-08	0.568278703471379	0.356	0.286	0.000210452692299553
"Zbtb7a"	1.27761175117371e-08	0.59451406216444	0.358	0.286	0.000218382176628121
"Ralbp1"	1.27796842148991e-08	0.644860815974856	0.433	0.397	0.000218443142285271
"Lasp1"	1.28442410889705e-08	0.587560740028763	0.284	0.21	0.000219546612933772
"Tmsb10"	1.90645039083284e-08	-0.537277173447684	0.617	0.814	0.000325869565305057
"Sdcbp"	2.09926228794972e-08	0.681531498067888	0.376	0.327	0.000358826902879246
"Arl4a"	2.24239567172505e-08	0.607142487627926	0.305	0.229	0.000383292692167962
"Rbbp6"	3.2965782079003e-08	0.675559432053022	0.305	0.231	0.000563484113076398
"Foxp1"	3.36028872083459e-08	0.539520551485803	0.31	0.234	0.000574374151052256
"Tgoln1"	4.75133036782286e-08	0.573963020106074	0.289	0.217	0.000812144899771961
"Riok3"	5.01908802548726e-08	0.636009811582987	0.307	0.239	0.000857912716196537
"Lamp1"	5.2207675901549e-08	0.509535628416742	0.592	0.641	0.000892385804185176
"Ywhaz"	5.72924221772806e-08	0.619816964394846	0.44	0.406	0.000979299372276258
"Gsk3b"	6.62787835645915e-08	0.56838856396674	0.369	0.308	0.00113290324746956
"Arhgap5"	7.84929593408903e-08	0.660441020625866	0.417	0.379	0.00134168015401384
"Aldoa"	1.02743285018904e-07	0.380271820301991	0.679	0.698	0.00175619097082813
"Aplp2"	1.13519869518282e-07	0.547821066500828	0.28	0.207	0.00194039512967599
"Ciao2b"	1.39409185753066e-07	0.658316370739713	0.436	0.415	0.00238292121207715
"Arid4b"	1.40163750307112e-07	0.482916654027413	0.266	0.19	0.00239581898399946
"Akr1c12"	1.40447284592096e-07	0.612196193291353	0.45	0.43	0.00240066543553271
"Epb41l4b"	1.51267613634283e-07	0.550626390344638	0.278	0.21	0.00258561731985081
"Atp6v1d"	1.53127625359226e-07	0.507784398859255	0.294	0.224	0.00261741050026525
"Dync1i2"	1.76365026904604e-07	0.591062510006457	0.326	0.267	0.0030146074048804
"Reg3b"	1.82040497888024e-07	-1.53445008546492	0.151	0.265	0.00311161823039999
"Plscr1"	1.96529700503435e-07	0.633659632919531	0.312	0.249	0.00335928217070521
"Cd2ap"	2.49356283356961e-07	0.522632392722367	0.495	0.483	0.00426224695142053
"Ddb1"	2.61259368399449e-07	0.600094614591534	0.365	0.315	0.00446570638405178
"Csnk1a1"	2.66404731606464e-07	0.580183969692861	0.53	0.549	0.00455365607734928
"Stub1"	2.91869239173926e-07	0.480073697066083	0.569	0.585	0.00498892090519992
"Atp6v1f"	3.19534042252829e-07	0.384259255056865	0.667	0.738	0.00546179538422761
"Pnrc1"	3.43470124644777e-07	0.57564386169109	0.408	0.366	0.00587093484055318
"Sfr1"	3.9849367530433e-07	0.579662389765288	0.495	0.495	0.00681145239197691
"Btg1"	6.56562423306705e-07	0.576692753361363	0.356	0.296	0.0112226215015815
"Rsrc2"	7.82644520871427e-07	0.559526490754054	0.42	0.385	0.0133777427952553
"Hectd1"	7.91381752680568e-07	0.57603209195483	0.321	0.265	0.0135270882985689
"Azin1"	8.01230176571193e-07	0.622037692921499	0.342	0.291	0.0136954274081314
"Pafah1b1"	1.06840113751242e-06	0.485946746249073	0.5	0.494	0.0182621806434997
"Desi1"	1.12689296474843e-06	0.510138587521274	0.264	0.198	0.0192619814464449
"Iqgap1"	1.14680017287407e-06	0.617525742462102	0.337	0.286	0.0196022553549365
"Rap1a"	1.20396709818779e-06	0.574822884141248	0.456	0.454	0.0205794096093238
"Sec62"	1.39067096125555e-06	0.527550316779404	0.567	0.608	0.0237707387407411
"Bclaf1"	1.79216815103352e-06	0.590668805273145	0.314	0.259	0.030633530205616
"Cenpb"	1.82653954090759e-06	0.613113873307199	0.362	0.325	0.0312210403727334
"St6galnac2"	2.03384221108883e-06	0.514829220588785	0.307	0.251	0.0347644649141413
"Stk38"	2.32915173732929e-06	0.606191514448662	0.33	0.286	0.0398121906461696
"Sec63"	2.36403804410782e-06	0.503142754868839	0.275	0.213	0.0404085022879349
"Utrn"	2.89992586470902e-06	0.515728029575117	0.257	0.194	0.0495684328054713
"Klk1"	3.66512791095994e-06	-0.586506483852621	0.227	0.347	0.0626480313820383
"Fam120a"	4.25993935521702e-06	0.551071167986218	0.321	0.268	0.0728151433987245
"Ctsa"	4.71648937437776e-06	0.504918766526118	0.264	0.205	0.080618952876239
"Atp6v1g1"	5.79796560273587e-06	0.52465595790908	0.564	0.615	0.0991046260475642
"Lrp10"	5.96105063663304e-06	0.499177935161615	0.257	0.196	0.101892238531969
"Fus"	6.66991434657703e-06	0.576314063616322	0.452	0.443	0.114008845926041
"Tia1"	7.13732593194329e-06	0.554169378479885	0.259	0.203	0.121998312154707
"Ppp2r1a"	7.44081424878888e-06	0.511676643784199	0.28	0.227	0.127185837954548
"Rnf10"	7.82242460742738e-06	0.598067684619603	0.344	0.306	0.133708703814756
"Vdr"	9.66892396753514e-06	0.571544587750142	0.31	0.266	0.165270917377078
"Eif3a"	9.87358252783124e-06	0.47779217106805	0.537	0.558	0.168769146148219
"Tmc4"	1.05415520742952e-05	0.535194367510628	0.475	0.476	0.180186749605928
"Gclm"	1.22791947863381e-05	0.623479747690821	0.376	0.353	0.209888276482877
"Npepps"	1.35104780309518e-05	0.459245727039448	0.275	0.223	0.230934600983059
"Gata6"	1.40414261448376e-05	0.556278196632326	0.287	0.241	0.240010097093709
"Chmp5"	1.45590481190523e-05	0.514995946605461	0.429	0.412	0.248857809498961
"Ndfip1"	1.48844672096077e-05	0.491797503880067	0.411	0.389	0.254420198013825
"Hnrnpa3"	1.90093734450318e-05	0.393065958637213	0.617	0.669	0.324927220295929
"Elof1"	1.99336604135505e-05	0.489724040294454	0.507	0.536	0.340726057448819
"Os9"	2.00746319330682e-05	0.519308636286154	0.298	0.25	0.343135683631935
"Cdh1"	2.11150470016367e-05	0.504672992774626	0.307	0.257	0.360919498398976
"Atp6v0e"	2.61357361505347e-05	0.449257288228519	0.573	0.628	0.44673813802109
"Srek1"	2.73890652396452e-05	0.473268801204269	0.284	0.232	0.468161292141255
"Cnot1"	2.84003674096086e-05	0.485951928763812	0.264	0.212	0.48544748013244
"Rbm25"	3.03634225078224e-05	0.595809218669565	0.486	0.498	0.519001980926208
"Sh3glb1"	3.37471499800201e-05	0.542149893926767	0.507	0.537	0.576840034608484
"Ubap2l"	3.6349872165129e-05	0.519744091645934	0.385	0.364	0.621328364918549
"Tff3"	3.74813143909906e-05	-1.40207351872203	0.743	0.714	0.640668106885202
"Dhx36"	4.15969022558517e-05	0.457420058824548	0.339	0.294	0.711015850259272
"Usf2"	4.43060872571245e-05	0.489483932168629	0.28	0.234	0.75732394948603
"Ube2r2"	5.1342004586141e-05	0.55280063660121	0.362	0.336	0.877588884390908
"Defa21"	5.26852938167257e-05	-1.1883719961055	0.544	0.516	0.900549727209292
"Fxr1"	5.32842105627722e-05	0.462501719517645	0.284	0.238	0.910787011149466
"Eif4g1"	5.52501745463009e-05	0.45790219941342	0.362	0.337	0.944391233519921
"Commd9"	6.34153286686955e-05	0.467766799426898	0.314	0.275	1
"Ube3a"	7.10096373420664e-05	0.520927915388736	0.317	0.277	1
"Selenot"	8.71564093196309e-05	0.549358472631121	0.282	0.244	1
"Caprin1"	0.000109826300247181	0.473067371591609	0.397	0.382	1
"Rab5a"	0.000110924566010484	0.438975703529069	0.273	0.226	1
"Nktr"	0.000126639134587768	0.477609492614665	0.335	0.302	1
"Vil1"	0.000160762011445467	0.49965627410207	0.381	0.356	1
"Rtn4"	0.000177118369734601	0.385734724980362	0.252	0.204	1
"Akap9"	0.000189544725403996	0.491547133740022	0.438	0.438	1
"Rwdd1"	0.000241978091576777	0.540673986421228	0.507	0.555	1
"Pold4"	0.000242832744981025	0.431316404371575	0.266	0.222	1
"Hsbp1"	0.000244023635862336	0.477491770340883	0.555	0.62	1
"Selenok"	0.000276862053487168	0.491666030271052	0.484	0.517	1
"Saraf"	0.000278634571482968	0.408370572966809	0.271	0.226	1
"Canx"	0.000353335118510242	0.404985589626015	0.509	0.538	1
"Morf4l2"	0.000364317023968247	0.445449845569479	0.369	0.355	1
"Prrc2c"	0.000368653006192819	0.549262661109144	0.397	0.39	1
"Ubxn6"	0.000431266714869553	0.537759841189227	0.268	0.233	1
"Stx7"	0.000447770508649808	0.471674417285012	0.289	0.256	1
"Hacd1"	0.000482902608103022	0.481677833313797	0.514	0.567	1
"Sec61a1"	0.000539627624976074	0.409083151481867	0.275	0.232	1
"Fam104a"	0.000584409469650548	0.436538707403141	0.521	0.565	1
"Dynlrb1"	0.000623921592243487	0.389227498369694	0.562	0.636	1
"Nipbl"	0.000697926471517272	0.529604413308182	0.261	0.226	1
"Phf3"	0.000756920821841839	0.442204827592224	0.282	0.247	1
"Itln1"	0.000791016151221504	-2.15225134268495	0.374	0.49	1
"Srp72"	0.000793704045578762	0.481922092833558	0.369	0.361	1
"Arglu1"	0.000858532728509596	0.430951764933577	0.433	0.453	1
"Nptn"	0.000867549583305766	0.484135209019552	0.278	0.247	1
"Aamp"	0.000892316359854511	0.442440292053918	0.445	0.479	1
"Trappc2l"	0.000929851747642842	0.45409688156739	0.392	0.393	1
"Ufc1"	0.00103290693853854	0.382744044101262	0.53	0.575	1
"Arl2"	0.00104006906870234	0.510926428194633	0.282	0.254	1
"Fermt1"	0.00108783402986323	0.444072548451619	0.45	0.472	1
"Sbno1"	0.00112274088873754	0.450733962089556	0.259	0.228	1
"Smad4"	0.00145728066738985	0.42199338068765	0.255	0.223	1
"Brd1"	0.00150055747292547	0.525949248475535	0.303	0.282	1
"Uba1"	0.00156276630743765	0.496032221437601	0.264	0.234	1
"Lyz1"	0.0017288931541539	-2.07221820524534	0.374	0.479	1
"Elovl1"	0.00178154358815098	0.531600907399969	0.337	0.332	1
"Sec31a"	0.00200644609394387	0.377795322345646	0.271	0.24	1
"Defa29"	0.00206320366954124	-1.13584496092319	0.507	0.523	1
"Sin3b"	0.00227375127404434	0.466672756532973	0.401	0.413	1
"Ift20"	0.00234081091915364	0.389520110346423	0.53	0.594	1
"Commd4"	0.0024849557499181	0.44562021634014	0.401	0.41	1
"Atf4"	0.00261691291476268	0.513886050642413	0.335	0.319	1
"Ctnna1"	0.00276931660736048	0.416400476472927	0.378	0.37	1
"Yipf4"	0.00292071566475573	0.418838129805286	0.335	0.325	1
"Tra2b"	0.00343380825876265	0.472566603442977	0.401	0.418	1
"Ccnl2"	0.00378521352029059	0.387513922050497	0.266	0.241	1
"Srp14"	0.00386904603193818	0.378764667328678	0.507	0.55	1
"Ubtf"	0.0039252777826729	0.480155309386405	0.282	0.265	1
"Arpc5"	0.00399218941999754	0.370678008928633	0.505	0.551	1
"Rab1b"	0.00421433707826401	0.487380461166596	0.268	0.247	1
"Xbp1"	0.0046358771092493	0.463425977123578	0.372	0.378	1
"Zfp91"	0.00509250962056602	0.434864625258406	0.505	0.572	1
"Spint1"	0.00530554617717767	0.46234139336626	0.323	0.309	1
"Cdh17"	0.00616519715789507	0.578660115960514	0.408	0.445	1
"Pcm1"	0.00657417126460171	0.456459606875585	0.278	0.261	1
"Pnisr"	0.00675749119460813	0.474866639941707	0.271	0.257	1
"Top1"	0.00713187822702371	0.372370343863089	0.589	0.702	1
"Zg16"	0.00745774763199058	-1.65497876582032	0.732	0.773	1
"Emc10"	0.00766633045469345	0.470543520856007	0.417	0.453	1
"Agr2"	0.00822335253049871	-1.92583749016586	0.53	0.64	1
"Jagn1"	0.009096597255642	0.477404520765901	0.319	0.317	1
"Ttc14"	0.00945713047925007	0.445643255851502	0.282	0.268	1
"Dctn3"	0.0101794700341603	0.389528299633235	0.482	0.53	1
"Chtop"	0.0115386981323377	0.430137929779339	0.252	0.234	1
"Mob4"	0.0125837668592195	0.402331428811676	0.381	0.396	1
"Ets2"	0.0126044983705822	0.4097493994464	0.291	0.278	1
"Nrd1"	0.0127797512383524	0.442783073947916	0.252	0.236	1
"Ptbp1"	0.0137172506856267	0.434263205344406	0.365	0.378	1
"B230219D22Rik"	0.0147577884747363	0.370359862207503	0.294	0.281	1
"Srsf5"	0.0165354377947708	0.479545213708501	0.413	0.449	1
"Rnf128"	0.0181159015615749	0.424938465208239	0.28	0.269	1
"Irf2bp2"	0.0187527492243479	0.478930434846609	0.319	0.318	1
"Cstb"	0.0187659829110987	0.386765312449322	0.399	0.43	1
"Yy1"	0.019268225373464	0.41269818617025	0.378	0.401	1
"Pcnp"	0.0203347399790907	0.430383906509227	0.287	0.279	1
"Rpn2"	0.0208535084479418	0.377716295174829	0.475	0.537	1
"Fubp1"	0.0214579404114061	0.462280109498148	0.367	0.387	1
"Prpf38b"	0.0218631589752852	0.422741181966908	0.266	0.255	1
"Itga6"	0.023281751199847	0.409838645454871	0.264	0.251	1
"Wbp4"	0.0250637941505404	0.399796816306848	0.305	0.306	1
"Rad21"	0.0252941525988217	0.461742152657201	0.259	0.25	1
"Socs2"	0.0282671251298665	0.452581868276345	0.36	0.377	1
"Tlk1"	0.0283013603589714	0.393463247800743	0.259	0.247	1
"Sys1"	0.0325582924235818	0.399039830711759	0.433	0.482	1
"Eif4a2"	0.0329954363880503	0.373328657525831	0.278	0.268	1
"Senp6"	0.0414127136149292	0.470381516612757	0.367	0.403	1
"Ogdh"	0.0460902836875739	0.478836157973335	0.264	0.26	1
"Defa22"	0.0537696419306565	-1.18520127434934	0.466	0.495	1
"Defa17"	0.0582474452690865	-0.611092411057543	0.204	0.255	1
"Ctcf"	0.0608348544276346	0.416802665965317	0.305	0.315	1
"Tpm4"	0.0707584557746602	0.398073598538087	0.257	0.257	1
"Papola"	0.0716849364617016	0.417815245629537	0.404	0.447	1
"Luc7l3"	0.0789711578564989	0.38384120874477	0.404	0.442	1
"Smpdl3a"	0.110241164557779	0.380401042465429	0.257	0.257	1
"Prkcsh"	0.117149777339881	0.43168717009898	0.323	0.35	1
"Slc38a2"	0.124885983085843	0.381540115834227	0.268	0.274	1
"Ube2v1"	0.13430403994336	0.385532203179501	0.378	0.424	1
"Polr2g"	0.140907435701263	0.44843227827281	0.268	0.284	1
"Ythdc1"	0.14198354632751	0.388891369262707	0.333	0.355	1
"Acin1"	0.162784574014106	0.436493276143566	0.351	0.388	1
"Svip"	0.18377545718707	0.428028208486777	0.312	0.339	1
"Rbp2"	0.189696694905588	-0.636950219751961	0.333	0.382	1
"Psmc2"	0.197971391251078	0.384301904831614	0.413	0.488	1
"March5"	0.200072489516942	0.378633687349874	0.287	0.304	1
"Pgrmc1"	0.203792379926766	0.378275097600998	0.291	0.318	1
"Id3"	0.253075065045319	0.530489923655465	0.381	0.5	1
"Hnrnpul2"	0.254444083622676	0.411474553554081	0.275	0.3	1
"Scaf11"	0.416291822225007	0.370025000247797	0.33	0.38	1
"Man1a2"	0.481124966934709	0.38915887997012	0.289	0.323	1
"Spink4"	0.652685634998458	-1.90903531984567	0.821	0.872	1
"Mphosph8"	0.978199927754541	0.372384404101578	0.243	0.283	1
