""	"p_val"	"avg_log2FC"	"pct.1"	"pct.2"	"p_val_adj"
"chr5-97995995-97997144"	1.62864593309017e-17	0.72804068916112	0.33	0.071	1.99698049731784e-12
"chr1-194308480-194309021"	1.09497605967278e-16	0.677411024242123	0.21	0.022	1.34261584532837e-11
"chr3-37695888-37696180"	1.9987883942884e-16	0.712250981891076	0.14	0	2.45083437754066e-11
"chr13-48436438-48437864"	2.41149710508821e-16	0.554747200706652	0.32	0.11	2.95688129037496e-11
"chr7-141697615-141700813"	9.00447872956408e-16	0.674355478997583	0.23	0.042	1.10409316390423e-10
"chr18-24101397-24102957"	1.66046463736257e-15	0.545413291786669	0.35	0.122	2.03599531974848e-10
"chr7-141754121-141757360"	2.47193827367147e-15	0.495907464082998	0.25	0.065	3.03099183364501e-10
"chr17-25369969-25371378"	2.51591362948039e-15	0.586388250133809	0.27	0.056	3.08491265592367e-10
"chr2-3678918-3679163"	4.93710893342646e-15	0.537688464383953	0.1	0	6.05368548981019e-10
"chr3-129649969-129650681"	1.52786684965617e-14	0.601043274882808	0.25	0.054	1.8734092163744e-09
"chr4-145146958-145148056"	3.61194788792467e-14	0.515029186103426	0.28	0.085	4.42882602225771e-09
"chr9-39253482-39253800"	4.77541747707736e-14	0.436022487836021	0.08	0	5.85542589369318e-09
"chr8-93159406-93160009"	6.49757806161337e-14	0.523860581371435	0.2	0.041	7.96707031602785e-09
"chr10-112983717-112984241"	1.24924897431306e-13	0.645923344830659	0.21	0.032	1.5317791223437e-08
"chr5-67815482-67816134"	1.27598985120172e-13	0.579186536669963	0.27	0.071	1.5645677159495e-08
"chr8-125741726-125742552"	4.18171189870965e-13	0.550419646375759	0.3	0.082	5.12744786172183e-08
"chr4-140854245-140855009"	4.67456952164363e-13	0.463933368518058	0.21	0.076	5.73177016465856e-08
"chr13-38559375-38559879"	6.29113975001493e-13	0.533107603180536	0.2	0.039	7.71394391587831e-08
"chr7-90284684-90285567"	7.32414347487626e-13	0.540817743222257	0.28	0.075	8.98057176315428e-08
"chr10-96220775-96221111"	7.45276011104182e-13	0.50004114252697	0.09	0	9.13827633775504e-08
"chr2-3659252-3660102"	7.89707314179652e-13	0.521191668819789	0.21	0.052	9.68307520354522e-08
"chr14-72750474-72751226"	8.13913121909305e-13	0.525244401447322	0.2	0.043	9.97987713560314e-08
"chr4-6472737-6473163"	1.30583015174298e-12	0.588408873607899	0.16	0.018	1.60115669886117e-07
"chr17-73918790-73919468"	1.50022355810854e-12	0.557907672767177	0.24	0.057	1.83951411801037e-07
"chr10-79607212-79608953"	2.05157303572148e-12	0.460512808721832	0.2	0.05	2.51555679348025e-07
"chr8-75154711-75156212"	2.51697180343311e-12	0.49091902726238	0.25	0.069	3.08621014649755e-07
"chr4-40933062-40935185"	2.61815003710346e-12	0.552861585249462	0.24	0.066	3.21027084949478e-07
"chr8-12940267-12942015"	2.65896254557593e-12	0.364189788000473	0.32	0.189	3.26031351488339e-07
"chr1-52683579-52684776"	4.28575049889033e-12	0.452929552713303	0.17	0.046	5.25501583171936e-07
"chr15-59058913-59059599"	4.82161533109289e-12	0.459322580504223	0.19	0.036	5.91207185437286e-07
"chr17-4769085-4770409"	5.49540789660053e-12	0.509699080769887	0.19	0.041	6.73824934649571e-07
"chr12-98974127-98974732"	6.79954779557689e-12	0.526881202113856	0.18	0.035	8.33733352502456e-07
"chr1-153957821-153958469"	7.37383729095703e-12	0.44671196409587	0.19	0.05	9.04150433267988e-07
"chr8-124576080-124577236"	1.03555294279266e-11	0.522166105223308	0.2	0.046	1.26975359633465e-06
"chr10-37275268-37276736"	1.08484675796368e-11	0.536396120053784	0.25	0.078	1.33019570074475e-06
"chr7-129937008-129938795"	1.08737150551161e-11	0.408401269009617	0.42	0.243	1.33329144519811e-06
"chr9-75263887-75265118"	1.24954439644578e-11	0.421768619384901	0.28	0.103	1.53214135714596e-06
"chr14-99487972-99488680"	1.26991549135512e-11	0.472504457994953	0.18	0.041	1.55711957888e-06
"chr7-90322459-90323341"	1.4323495110616e-11	0.456266876143432	0.18	0.045	1.75628967648329e-06
"chr12-108885409-108887830"	1.78554553579058e-11	0.343767333552712	0.29	0.156	2.18936451416497e-06
"chr2-77056126-77056535"	1.82473105251806e-11	0.564261313060599	0.1	0.001	2.23741222735555e-06
"chr8-123781078-123781853"	2.24834085797864e-11	0.400513051897088	0.22	0.095	2.75682562641909e-06
"chr8-93928806-93929904"	2.45348813873899e-11	0.487021901752856	0.29	0.115	3.0083690161962e-06
"chr12-33003459-33004066"	2.46140055149436e-11	0.502945549818526	0.18	0.032	3.01807090022032e-06
"chr2-128257407-128258021"	2.60765993574117e-11	0.552064423874638	0.15	0.025	3.19740830680839e-06
"chr2-84402857-84403083"	2.63001094466115e-11	0.594916292421202	0.11	0.001	3.22481421990571e-06
"chrX-108722325-108722745"	2.82518610484998e-11	0.568892508372571	0.13	0.008	3.46413019432285e-06
"chr1-175607959-175608242"	2.83613790936721e-11	0.471078284057242	0.09	0.004	3.4775588589497e-06
"chr13-29091975-29092456"	3.16035774280399e-11	0.457571530712655	0.15	0.027	3.87510424991654e-06
"chr10-3756029-3756369"	3.45668122141478e-11	0.543018046263207	0.12	0.008	4.23844424644994e-06
"chr12-52702282-52702987"	3.61259013937856e-11	0.55179873555337	0.19	0.046	4.42961352530041e-06
"chr8-10856860-10858271"	4.55112509012865e-11	0.364985917188996	0.28	0.145	5.58040754051215e-06
"chr6-127356195-127357042"	4.74206232882545e-11	0.397257829388532	0.26	0.129	5.81452714511261e-06
"chr12-112490319-112491556"	4.81637988624158e-11	0.598439066510541	0.14	0.012	5.90565236131397e-06
"chr14-23834691-23834943"	4.90831274771724e-11	0.563190894593272	0.11	0.001	6.01837675874097e-06
"chr8-81849849-81850423"	5.24253037649442e-11	0.519647535233781	0.17	0.033	6.4281810464424e-06
"chr1-183378325-183378984"	5.310443820135e-11	0.454110473454227	0.2	0.048	6.51145379449674e-06
"chr4-148947172-148948961"	5.41088957431428e-11	0.426163435208145	0.2	0.066	6.6346163604412e-06
"chr10-13476991-13477347"	5.42736039964663e-11	0.574570250869008	0.12	0.002	6.65481222763071e-06
"chr2-132989723-132990677"	5.62912313055129e-11	0.463727976229744	0.24	0.081	6.90220561775677e-06
"chr7-141689361-141690943"	6.89856600006061e-11	0.380506307539724	0.19	0.071	8.45874568663432e-06
"chr10-119074798-119076526"	7.39966857002037e-11	0.396628044011856	0.25	0.092	9.07317761381617e-06
"chr16-33512367-33513099"	7.81321104541143e-11	0.407918709384974	0.2	0.071	9.58024685544167e-06
"chr12-35965999-35967142"	8.6395463545294e-11	0.40878245017614	0.31	0.14	1.05934661580698e-05
"chr4-142062815-142063671"	9.52671102618083e-11	0.414053624683381	0.17	0.046	1.16812719918619e-05
"chr1-154042148-154043382"	1.14620918917673e-10	0.470158066852126	0.14	0.027	1.40543585940094e-05
"chr7-98329931-98330987"	1.29621262375654e-10	0.408162113813856	0.15	0.045	1.58936407074531e-05
"chr18-80643608-80644638"	1.38866211987449e-10	0.433672116663978	0.2	0.061	1.7027219449053e-05
"chr13-9073734-9074340"	1.44118018260257e-10	0.486671265762838	0.2	0.066	1.76711749269997e-05
"chr10-60762051-60762489"	1.75747826856643e-10	0.473051050157339	0.14	0.024	2.15494955378542e-05
"chr19-32214913-32215663"	2.43082561319022e-10	0.477526564609333	0.2	0.056	2.98058113386931e-05
"chr18-86352744-86353810"	3.02941846460929e-10	0.410357901444522	0.37	0.205	3.71455174456533e-05
"chr13-20512368-20512803"	3.235294499245e-10	0.4653034813453	0.14	0.022	3.96698870319425e-05
"chr17-5622172-5623752"	3.2853709958522e-10	0.402822568872112	0.29	0.126	4.02839050027414e-05
"chr19-10434797-10436935"	4.69621657208418e-10	0.332924060187207	0.21	0.109	5.75831291202674e-05
"chr1-162016931-162017197"	4.82433763572974e-10	0.544903715990577	0.1	0.003	5.91540983542638e-05
"chr11-8653506-8654414"	5.01072033937304e-10	0.489343487364093	0.17	0.056	6.14394485132565e-05
"chr13-38385913-38386169"	5.3024990203654e-10	0.301544398885832	0.05	0	6.50171219881124e-05
"chr11-43536396-43536520"	5.73769601802605e-10	0.37621208432572	0.06	0	7.03533334946282e-05
"chr3-100429630-100429964"	6.15819548118807e-10	0.377643611543409	0.06	0	7.55093297121357e-05
"chr3-9051880-9052411"	8.17872026298924e-10	0.465390353859927	0.18	0.055	0.000100284196376669
"chr17-27734209-27735311"	8.20234467051264e-10	0.373509449397984	0.16	0.048	0.000100573869411958
"chr17-74429902-74430630"	8.49630118142021e-10	0.357077965339083	0.16	0.061	0.000104178246566102
"chr15-75085307-75087241"	8.5518468721179e-10	0.342712930938781	0.62	0.515	0.000104859325607161
"chr2-169742336-169742737"	9.20235513848525e-10	0.493064943411487	0.12	0.016	0.000112835597766051
"chr12-116483268-116487177"	1.09797862235459e-09	0.372116462069778	0.35	0.189	0.000134629746758631
"chr7-46566190-46566878"	1.2245475469679e-09	0.406501080509052	0.17	0.052	0.000150149122019016
"chr11-19221464-19221844"	1.23899813873545e-09	0.498422217875311	0.13	0.022	0.000151920995779187
"chr13-69598914-69599429"	1.3697777357439e-09	0.53363946466282	0.11	0.012	0.000167956666845974
"chr17-27740864-27742031"	1.46987117117903e-09	0.417464814685292	0.16	0.043	0.000180229723525288
"chr7-139280230-139282369"	1.51181792702272e-09	0.375892421940431	0.31	0.162	0.000185373066939818
"chr6-82875309-82876061"	1.5348479244881e-09	0.396286116581382	0.25	0.116	0.000188196913109033
"chr13-100284056-100284457"	1.56789720353186e-09	0.429942254023473	0.13	0.025	0.000192249283508263
"chr3-27941393-27941932"	1.60252488021889e-09	0.46807034337785	0.16	0.036	0.00019649519071292
"chr14-14670601-14671698"	1.90719820771823e-09	0.437616967909614	0.19	0.059	0.000233853015437579
"chr6-90534574-90535105"	1.93724314230537e-09	0.430099525229735	0.12	0.021	0.000237537005136915
"chr1-143548634-143548951"	2.04695790451866e-09	0.508385957326927	0.09	0.002	0.00025098979042046
"chr15-62041812-62042436"	2.23083584380144e-09	0.430902760617597	0.16	0.044	0.000273536167823557
"chr8-69047561-69048157"	2.29571870707605e-09	0.410036975684337	0.17	0.055	0.000281491844986837
"chr6-59021912-59023014"	2.37940075557821e-09	0.37257373397118	0.19	0.084	0.000291752603045978
"chr15-85310930-85311414"	2.51373600165593e-09	0.374974069201359	0.14	0.031	0.000308224253579043
"chr13-110643250-110644101"	2.74225338201923e-09	0.433278585356878	0.23	0.08	0.00033624414068967
"chr16-85160084-85160620"	2.81292563901639e-09	0.480505338603917	0.17	0.046	0.000344909690153634
"chr18-78768115-78768486"	3.19174193204377e-09	0.46005463091901	0.12	0.016	0.000391358628739478
"chr4-130838371-130839035"	3.26458630565695e-09	0.38736075097233	0.12	0.025	0.000400290514454432
"chr11-74901117-74902019"	3.26792726557789e-09	0.332303984540149	0.19	0.101	0.000400700169596099
"chr5-118052063-118052597"	3.34263593896241e-09	0.441833546740853	0.14	0.027	0.000409860648291815
"chr7-68408368-68409189"	3.39734859983322e-09	0.475940773124697	0.21	0.071	0.00041656929591715
"chr18-3806532-3806688"	3.46381437023938e-09	0.33290384948494	0.05	0	0.000424719062821272
"chr4-57246119-57246330"	3.7677977013195e-09	0.524165177586058	0.09	0.001	0.000461992282944992
"chr12-32017079-32018910"	3.78124563851412e-09	0.341553821872865	0.25	0.13	0.000463641215212047
"chr2-135571495-135572057"	4.4552695292791e-09	0.482849411575237	0.15	0.028	0.000546287328602087
"chr1-191277139-191278316"	4.60990086751983e-09	0.338481625518812	0.32	0.195	0.000565247604771812
"chr10-93126019-93126425"	4.71664855451099e-09	0.377081418805016	0.13	0.034	0.00057833657915992
"chr2-147931701-147932633"	5.33305448660156e-09	0.391449693072409	0.18	0.047	0.000653917808929137
"chr16-85033710-85034533"	5.70213315010743e-09	0.433274684323365	0.19	0.056	0.000699172758333573
"chr2-33256775-33257232"	6.46853131369771e-09	0.446050538146233	0.13	0.022	0.000793145435560358
"chr5-65514553-65515422"	6.56418681634693e-09	0.396171150231365	0.18	0.066	0.000804874330673195
"chr4-105560661-105561062"	6.85918482206143e-09	0.520273194768113	0.11	0.009	0.000841045806141885
"chr18-65220509-65221132"	7.20475691385547e-09	0.333143477066671	0.17	0.067	0.000883418473749302
"chr3-145029515-145030045"	7.44216164742766e-09	0.356451265940935	0.14	0.033	0.00091252809256099
"chr12-17661331-17662163"	7.44603772574202e-09	0.377315165184551	0.2	0.072	0.000913003361779584
"chr9-80118931-80119244"	7.72886568465666e-09	0.406507506862585	0.07	0.002	0.000947682594789861
"chr7-112345659-112346091"	7.7902174192981e-09	0.341552847641974	0.11	0.02	0.000955205299084656
"chr7-140912404-140915291"	8.6947351244285e-09	-0.341567705511778	0.06	0.394	0.00106611364201692
"chr5-123986528-123987833"	9.09149579494513e-09	0.317706456845897	0.21	0.124	0.00111476284839299
"chr5-73129908-73130769"	9.29865590233341e-09	0.362965686864651	0.1	0.021	0.00114016399212051
"chr15-28393781-28393992"	9.73829739221633e-09	0.389682527721841	0.06	0	0.001194071073044
"chr16-97399537-97400442"	9.78128742717946e-09	0.442135236014491	0.19	0.059	0.00119934233917104
"chr10-5910091-5910347"	1.00292922343098e-08	0.447665607511348	0.07	0.001	0.00122975169660213
"chr11-16737196-16737770"	1.01682745798389e-08	0.392657356732913	0.19	0.063	0.00124679315588152
"chr7-112593547-112594076"	1.04946478796243e-08	0.428360838618784	0.15	0.037	0.00128681174440801
"chr10-119010641-119012119"	1.11427653577379e-08	0.34357728633367	0.34	0.255	0.00136628131710439
"chr17-42935085-42935413"	1.12882874369035e-08	0.364668586211701	0.11	0.02	0.00138412465236336
"chr12-7819837-7821502"	1.15454284584811e-08	-0.354585666075364	0.02	0.354	0.00141565425586512
"chr2-140742962-140743465"	1.16749795891548e-08	0.378618765918331	0.14	0.042	0.0014315392973038
"chr1-128602120-128602594"	1.40187514732148e-08	0.406026692753986	0.11	0.022	0.00171892323063971
"chr8-107002388-107003164"	1.41228543013749e-08	0.361090567276684	0.26	0.134	0.00173168790301738
"chr6-121138140-121138812"	1.47116465519283e-08	0.385315985048302	0.15	0.041	0.00180388325361124
"chr13-38554167-38555307"	1.52417674888047e-08	0.302896939894281	0.19	0.092	0.00186888456240728
"chr1-93373505-93374228"	1.54074504800792e-08	0.383010322648734	0.15	0.04	0.00188919994806539
"chr13-100418954-100419740"	1.68179302325641e-08	0.438671095591877	0.2	0.07	0.00206214733339608
"chr15-44689519-44690445"	1.84936814033532e-08	0.435685946713	0.18	0.052	0.00226762123895356
"chr2-171491563-171491697"	1.88201411834145e-08	0.496071174702781	0.08	0.001	0.00230765043134556
"chr13-108097031-108097317"	1.92365107909385e-08	0.478291873102908	0.08	0.002	0.00235870400714172
"chr16-93546058-93546855"	2.03100143424153e-08	0.349280452958814	0.17	0.07	0.00249033271860959
"chr1-127424741-127425676"	2.09062188643279e-08	0.421116173992221	0.25	0.104	0.00256343693226843
"chr3-85209779-85210861"	2.1437316949965e-08	0.346102780239168	0.21	0.105	0.00262855805513691
"chr6-49364897-49365298"	2.16038787772912e-08	0.458260716802254	0.12	0.017	0.00264898120015634
"chr2-104130066-104130532"	2.17541096575814e-08	0.387133122896644	0.14	0.034	0.002667401909774
"chr17-72902217-72905076"	2.23934199515988e-08	0.31416992828999	0.43	0.295	0.00274579158078524
"chr6-78503844-78504236"	2.29111420538573e-08	0.451633379837386	0.14	0.03	0.00280927259407576
"chr5-24347381-24349054"	2.34725070952388e-08	0.304237411095019	0.36	0.245	0.0028781049299898
"chr5-104513203-104513450"	2.51982745388524e-08	0.416750604754757	0.1	0.015	0.00308971163085592
"chr7-29391618-29393661"	2.55650434639898e-08	0.355066691269101	0.31	0.154	0.00313468336938058
"chr5-108452450-108452903"	2.71824958648004e-08	0.390703997356262	0.11	0.022	0.00333300891295837
"chr1-183363148-183364003"	2.72578612827574e-08	0.380235417370403	0.25	0.125	0.00334224991904659
"chr3-144089514-144090130"	2.79780272383033e-08	0.401266685598982	0.13	0.035	0.0034305537878518
"chr1-131084022-131085016"	2.95393082545053e-08	0.372997942761318	0.2	0.086	0.00362199182093442
"chr7-90362665-90363307"	3.08199863252974e-08	0.330278831590213	0.15	0.046	0.00377902344326266
"chr8-117136746-117138075"	3.40418759103708e-08	0.332136571053476	0.22	0.097	0.00417407865662602
"chr4-8733736-8734232"	3.42923562340778e-08	0.40615299096446	0.1	0.017	0.00420479155199769
"chr9-57441542-57441862"	3.46220021081312e-08	0.338930416476666	0.05	0	0.00424521141049061
"chr4-55066576-55066807"	3.46759586496974e-08	0.500548128533368	0.11	0.008	0.00425182734579129
"chr1-121462372-121464580"	3.8027156583039e-08	-0.349546186763158	0.02	0.304	0.00466273783158591
"chr10-111522827-111523119"	3.84209575281381e-08	0.335603422009844	0.1	0.021	0.00471102412827019
"chr10-34385640-34385982"	3.984448944772e-08	0.404498972513574	0.11	0.025	0.00488557191812163
"chr10-20257185-20257559"	4.01355815229976e-08	0.384334975599042	0.09	0.012	0.00492126446402387
"chr6-93819847-93820307"	4.43613927078998e-08	0.362642100213445	0.1	0.022	0.00543941652827184
"chr12-25232362-25233372"	4.64377070019914e-08	0.310972033072769	0.16	0.066	0.00569400588175617
"chr13-117929837-117930171"	4.73158150945956e-08	0.395298577411448	0.07	0.003	0.00580167598363894
"chr17-11032393-11032691"	4.7629394678671e-08	0.488341131295904	0.08	0.001	0.00584012585791992
"chr14-57374906-57375601"	4.79291421461967e-08	0.41771881594261	0.15	0.045	0.00587687969339805
"chr9-98994199-98994690"	4.92949350151656e-08	0.434126677766758	0.11	0.015	0.00604434775181955
"chr1-171539994-171541598"	5.02755344121945e-08	0.556064508154005	0.27	0.066	0.00616458492748564
"chr1-118622676-118623473"	5.13725630958976e-08	0.349157692364606	0.16	0.061	0.00629909819656659
"chr5-130218223-130218825"	5.40868747683708e-08	0.343480820456747	0.14	0.041	0.00663191623659856
"chr6-48465052-48468062"	5.45005904323506e-08	0.329968252461615	0.2	0.102	0.0066826443964531
"chr18-78495309-78496163"	5.45734559338954e-08	0.292781757591529	0.15	0.062	0.00669157887279052
"chr12-104888036-104888976"	5.54605444287232e-08	0.350072076007814	0.17	0.057	0.00680035011567232
"chr5-97029753-97029942"	5.88155489696646e-08	0.424495536378031	0.07	0.001	0.00721172735246439
"chr5-35020781-35021273"	5.92108935186895e-08	0.351423952485526	0.12	0.033	0.00726020291968763
"chr10-111526993-111527366"	6.09770452383751e-08	0.371342432853272	0.11	0.027	0.0074767613789486
"chr1-133950402-133950915"	6.12527154312947e-08	0.372029804866642	0.14	0.041	0.00751056295532363
"chr7-75353070-75353267"	6.17239144691194e-08	0.473643629657863	0.07	0.001	0.00756833949654554
"chr9-85391336-85392065"	6.19976177732286e-08	0.398638780097109	0.1	0.018	0.00760189990088219
"chr16-63319415-63319974"	6.28543065037962e-08	0.405802732455833	0.11	0.02	0.00770694364626947
"chr9-9290838-9291061"	6.33080743013055e-08	0.286756811959726	0.05	0.001	0.00776258283852887
"chr10-82875810-82876958"	6.43730994291301e-08	-0.325400592114257	0	0.225	0.00789317195960222
"chr7-64949533-64949803"	6.47894634507707e-08	0.329796613189136	0.06	0.004	0.0079442248504797
"chr13-51726072-51726635"	6.49167033487772e-08	0.378349837339774	0.16	0.057	0.00795982649781366
"chr4-94745655-94746914"	6.80152061687557e-08	0.357202615325844	0.2	0.091	0.00833975251958815
"chr12-31194357-31195011"	6.84430673700743e-08	0.378953883768783	0.19	0.074	0.00839221514864903
"chr6-147032283-147032703"	6.97782397777251e-08	0.324698797490147	0.12	0.031	0.00855592864858555
"chr1-155809539-155810852"	7.00443588737684e-08	0.317525330943874	0.26	0.166	0.00858855910766599
"chr14-105701549-105701755"	7.39543129588692e-08	0.3442512907726	0.05	0	0.00906798203776471
"chr8-127036665-127036894"	7.4018786927647e-08	0.393206219547278	0.09	0.012	0.00907588757792037
"chr17-64577345-64578031"	7.45601390269296e-08	0.365564512088018	0.18	0.079	0.009142266006926
"chr6-3479780-3480343"	7.90026564492082e-08	0.451701476045376	0.19	0.065	0.00968698972317611
"chr9-83572539-83573908"	7.98964476578356e-08	0.337403676228794	0.19	0.073	0.00979658282601317
"chr13-59225894-59226256"	8.24026872386309e-08	0.388856555777555	0.11	0.018	0.010103887898452
"chr8-106191611-106192108"	8.2662664009005e-08	0.373843237869235	0.15	0.051	0.0101357652101282
"chr2-127734820-127736926"	8.60576444795121e-08	-0.331451414913656	0.01	0.308	0.0105520441354999
"chr6-54472745-54473905"	8.64772412595653e-08	-0.318897043014105	0	0.242	0.0106034934142829
"chr6-108527429-108529662"	8.68686461857986e-08	0.40353438642091	0.22	0.092	0.0106514859207179
"chr3-104811502-104812163"	8.73704642794405e-08	0.391536166966471	0.17	0.053	0.0107130168480879
"chr17-5964832-5965854"	9.16498864268343e-08	0.297046354289792	0.19	0.102	0.0112377424741127
"chr14-121967032-121967470"	9.38081179898815e-08	0.371720644396746	0.12	0.029	0.0115023761954473
"chr2-139788513-139788921"	9.59613096528434e-08	0.406191460486832	0.11	0.018	0.0117663919443931
"chr13-96962768-96963261"	9.73838805341395e-08	0.339062113627924	0.12	0.024	0.011940821895574
"chr6-24622129-24622404"	9.74894191452462e-08	0.37216082443637	0.1	0.024	0.0119537626179135
"chr1-190446655-190449004"	1.09491501752032e-07	0.301743022505348	0.27	0.163	0.0134254099788272
"chr4-108841929-108842558"	1.10854628066601e-07	0.355027192017998	0.14	0.049	0.0135925510750143
"chr1-58953712-58954395"	1.11729637319068e-07	0.336246228193112	0.16	0.056	0.0136998412095149
"chr8-61341660-61342512"	1.12367907264937e-07	0.344995879892808	0.15	0.06	0.0137781033171975
"chr2-170427639-170429456"	1.15560257970881e-07	0.353826094185027	0.24	0.101	0.0141695365913576
"chr17-16808733-16808966"	1.16299380486054e-07	0.398660003362213	0.06	0	0.014260164837678
"chr5-28793700-28795783"	1.16431959526628e-07	0.388899900176049	0.16	0.046	0.014276421149317
"chr14-47093371-47093968"	1.2300307426046e-07	0.325599099499662	0.13	0.043	0.0150821449535206
"chr18-67761225-67763284"	1.24425537085766e-07	-0.314537094125581	0	0.24	0.0152565616553083
"chr1-69444681-69445015"	1.26148880634226e-07	0.480012599731263	0.08	0.002	0.0154678711478462
"chr1-39963841-39965061"	1.27449555509305e-07	0.360782567694634	0.21	0.097	0.0156273546983289
"chr12-105561109-105561566"	1.27655174762616e-07	0.285997504614456	0.05	0.002	0.015652566908693
"chr5-15791670-15792510"	1.29779586416498e-07	0.40604015970488	0.16	0.061	0.0159130537680453
"chr1-13118716-13119160"	1.31575124501366e-07	0.393896216781308	0.13	0.032	0.0161332154658595
"chr8-45001481-45002179"	1.34051109538351e-07	0.294948573820372	0.11	0.034	0.0164368108471545
"chr10-83493159-83493410"	1.34529327877783e-07	0.347489335787739	0.05	0	0.0164954480670622
"chr4-138736723-138737928"	1.35894795553946e-07	0.267395516660376	0.23	0.176	0.0166628762516427
"chr15-62112378-62112818"	1.3783182406394e-07	0.310148802814505	0.1	0.029	0.016900386939424
"chr11-35749850-35751392"	1.39164925368159e-07	-0.326247463729285	0.01	0.274	0.0170638464889421
"chr3-98203152-98203733"	1.53216961210714e-07	0.31036425380305	0.14	0.037	0.018786850915813
"chr10-121263411-121264271"	1.64355181440179e-07	0.374184302298511	0.2	0.079	0.020152574927469
"chr5-53961079-53962635"	1.64743895798311e-07	0.255561573694318	0.33	0.272	0.0202002375272058
"chr4-55486079-55487231"	1.67442321256111e-07	0.32542424456328	0.16	0.07	0.0205311076631393
"chr2-3641056-3641565"	1.80133917719588e-07	0.339340387754034	0.13	0.043	0.022087300455105
"chr11-3900323-3900730"	1.80648284819492e-07	0.414612048279574	0.12	0.027	0.0221503700914268
"chr4-137650667-137651427"	1.84028127591442e-07	0.375737488478121	0.16	0.048	0.0225647928927523
"chr10-28524414-28524653"	1.86284537981939e-07	0.378533062191515	0.07	0.002	0.0228414649091935
"chr16-35488719-35491247"	1.87749496233372e-07	0.331946526086827	0.34	0.254	0.0230210922301512
"chr2-58000705-58002010"	1.89362320051416e-07	0.356340988344836	0.2	0.088	0.0232188502354244
"chr9-108991225-108992635"	1.95793133870373e-07	0.262997871599237	0.41	0.372	0.0240073709026496
"chr13-46875368-46875801"	1.97827696072334e-07	0.322003402339221	0.12	0.035	0.0242568407816053
"chr2-134852902-134853124"	2.05165320780037e-07	0.351288861436584	0.09	0.021	0.0251565509727651
"chr12-73316450-73316549"	2.09837272524639e-07	0.334500447155599	0.05	0	0.0257294070078811
"chr16-13729098-13730450"	2.17731434842278e-07	0.30801847522839	0.27	0.152	0.0266973576146208
"chr5-72652737-72653788"	2.19529470692041e-07	0.380492012702996	0.2	0.071	0.0269178255783753
"chr2-92027712-92028664"	2.23236332720174e-07	0.373952525246441	0.18	0.06	0.0273723461728169
"chr1-43463087-43464664"	2.25849367865632e-07	0.357658899285104	0.18	0.075	0.0276927460902124
"chr8-108764412-108765211"	2.35422146401857e-07	0.347136832627289	0.17	0.071	0.0288665219032101
"chr2-80314705-80316275"	2.51426383098055e-07	0.304902464830961	0.35	0.247	0.0308288973899512
"chr8-61824377-61825089"	2.73260415154181e-07	0.266219164506541	0.2	0.107	0.033506099064545
"chr7-100106743-100107079"	2.78249111567488e-07	0.468672418728492	0.09	0.003	0.034117793063959
"chr19-53485024-53485309"	3.09699013586383e-07	0.397417110032676	0.08	0.003	0.037974054249908
"chr5-73103506-73104146"	3.12327878745033e-07	0.276284205495542	0.18	0.086	0.0382963951802009
"chr1-179169700-179170226"	3.12894367406069e-07	0.32746868695292	0.13	0.051	0.0383658557538625
"chr14-7791087-7792363"	3.217309012814e-07	-0.321780202710336	0.05	0.415	0.0394493561915202
"chr17-27749113-27749989"	3.34392525582169e-07	0.269331608386105	0.1	0.027	0.0410018739167833
"chr10-98504499-98504838"	3.42062476838335e-07	0.369570759897665	0.13	0.032	0.0419423326600092
"chr3-129350966-129351985"	3.46927470466933e-07	-0.31400030762761	0	0.203	0.0425388587187734
"chr4-139386788-139387439"	3.47918214247769e-07	0.290904930036633	0.15	0.073	0.0426603397582044
"chr17-64677024-64678065"	3.50162401435263e-07	0.384581731676515	0.22	0.114	0.0429355130143862
"chr7-141692625-141694503"	3.53414946773336e-07	0.345242946131188	0.11	0.032	0.0433343271135594
"chr2-91636631-91637315"	3.54877926538904e-07	0.311858177532149	0.13	0.046	0.0435137118404943
"chr14-32190682-32191073"	3.55651148712669e-07	0.409354284287667	0.11	0.022	0.0436085212505526
"chr11-32720415-32720813"	3.59228972487304e-07	0.359795100260907	0.09	0.017	0.0440472196905033
"chr1-93376969-93377738"	3.66543978649251e-07	0.364676950891806	0.16	0.049	0.0449441564860566
"chr9-83615961-83616782"	3.69302995566323e-07	0.365483359336878	0.19	0.083	0.0452824561043603
"chr18-60659766-60661890"	3.81272770043181e-07	0.308105189134623	0.33	0.222	0.0467501419716147
"chr8-127449009-127449493"	3.98705173063721e-07	0.386978039527188	0.11	0.023	0.0488876335003812
"chr10-116205679-116206033"	4.07159702606952e-07	0.371282341372849	0.11	0.023	0.0499242940948541
"chr7-101316488-101317382"	4.09025247666494e-07	0.344756052700504	0.19	0.085	0.0501530397678749
"chr6-12772785-12773169"	4.13275399264037e-07	0.475325192458146	0.12	0.022	0.0506741763561592
"chr19-28205637-28206109"	4.18603199072306e-07	0.358959970466415	0.11	0.025	0.0513274498574499
"chr16-44165153-44165593"	4.30948178898054e-07	0.324254964764863	0.12	0.031	0.0528411419037638
"chr6-143535156-143535753"	4.31997679638193e-07	0.31841858037626	0.17	0.072	0.0529698274865167
"chr7-110784473-110785557"	4.33422812832761e-07	0.340753668183313	0.21	0.1	0.0531445716183018
"chr5-44151183-44152008"	4.34552133295579e-07	0.327375199345318	0.17	0.076	0.0532830443761708
"chr3-121556118-121556813"	4.35248876062595e-07	0.366351062295436	0.14	0.051	0.0533684761872911
"chr5-64088713-64089143"	4.36358613608397e-07	0.462272137315436	0.09	0.003	0.0535045477662072
"chr10-108088819-108089137"	4.62820152679031e-07	0.367162380285436	0.07	0.003	0.0567491558408921
"chr4-63071030-63072299"	4.64694720427912e-07	0.367584714748339	0.18	0.089	0.0569790078399889
"chr14-76765387-76765577"	4.72190270759797e-07	0.374302536610042	0.06	0.002	0.0578980822394832
"chr12-111896710-111897608"	4.73730709018693e-07	0.284182614352789	0.27	0.172	0.0580869646170361
"chr18-70099841-70100224"	4.7406392352364e-07	0.339580208848104	0.11	0.03	0.0581278220467747
"chr16-85074861-85075746"	4.75091030596187e-07	0.447419841247668	0.17	0.056	0.058253761807582
"chr12-25181404-25181702"	4.75777634174154e-07	0.435061734621238	0.08	0.002	0.0583379503918981
"chr11-58916863-58917632"	5.12707657991429e-07	0.368580602151305	0.12	0.042	0.062866162192277
"chr18-76072008-76072811"	5.13608560183019e-07	0.292456492660683	0.1	0.032	0.0629766272154011
"chr5-113283812-113284544"	5.15983322775463e-07	0.338263884788267	0.11	0.024	0.0632678111054362
"chr8-12036317-12036741"	5.1610159383994e-07	0.317388280109449	0.09	0.026	0.0632823130302781
"chr7-129765677-129766586"	5.23031391201007e-07	0.282237967242363	0.15	0.066	0.0641320170635026
"chr1-179913102-179913856"	5.49818220761155e-07	0.415090269532292	0.15	0.047	0.0674165109568498
"chr2-124601598-124603809"	5.49871275647521e-07	-0.318865070879602	0.06	0.388	0.0674230163347964
"chr1-10337801-10338084"	5.57735301079342e-07	0.434558631197951	0.08	0.002	0.0683872716771446
"chr17-28593979-28594295"	5.75347882284606e-07	0.306384896874463	0.05	0.001	0.0705468559342092
"chr7-28113674-28114229"	5.75679613772943e-07	0.365673846131807	0.1	0.022	0.0705875315223832
"chr1-91490400-91490773"	5.80355942237523e-07	0.318492185510774	0.06	0.002	0.0711609242133962
"chr7-89483862-89484184"	5.93587524411866e-07	0.410743326820015	0.07	0.002	0.0727833278932854
"chr15-27618855-27619194"	6.01346536643455e-07	0.310028415719663	0.09	0.017	0.0737347069370738
"chr1-132693971-132694303"	6.19021788930539e-07	0.341619021050235	0.06	0.001	0.0759019756715069
"chr10-120164209-120164419"	6.31444509478141e-07	0.358391012014432	0.05	0	0.0774251999741718
"chr3-142725264-142726017"	6.40315152327248e-07	0.461823577596914	0.14	0.03	0.0785128827177578
"chr10-80280700-80283993"	6.5098935276352e-07	0.292414155540046	0.28	0.197	0.0798217104784518
"chr6-34865564-34866353"	6.61683078640627e-07	0.290703502723066	0.2	0.121	0.0811329323705991
"chr1-170323530-170324679"	6.68748387481666e-07	0.329758866858943	0.1	0.027	0.081999252279452
"chr10-121520747-121521569"	6.70297967283324e-07	0.284838080772291	0.27	0.169	0.0821892555564121
"chr3-148837165-148837495"	6.98989370280217e-07	0.434632258823224	0.08	0.002	0.0857072806262791
"chr1-120124738-120127036"	7.15560061770364e-07	-0.324214170874523	0.02	0.261	0.087739112534035
"chr11-97769598-97770194"	7.249511688157e-07	0.343010350188916	0.13	0.036	0.0888906125155059
"chr2-179768674-179769488"	7.29446696099293e-07	0.311248628068146	0.08	0.015	0.0894418360889109
"chr17-72795341-72796199"	7.30438223138444e-07	0.356722832275407	0.21	0.099	0.0895634131683434
"chr12-16865900-16866245"	7.45115464155319e-07	0.319689889760558	0.08	0.02	0.0913630777528686
"chr3-57277421-57277899"	7.52596097033351e-07	0.390597667501246	0.14	0.041	0.0922803230338414
"chr5-33699902-33700813"	7.82227524305949e-07	0.303740408435962	0.09	0.022	0.0959136101202982
"chr4-47060807-47061332"	7.933877103497e-07	0.251318795014882	0.13	0.056	0.0972820274922388
"chr17-47888999-47890174"	8.29652169263448e-07	0.365232285530671	0.11	0.028	0.101728630386407
"chr14-54993693-54993950"	8.32824022508401e-07	0.352630609854618	0.05	0	0.10211755034389
"chr3-122887497-122888962"	8.53265707065262e-07	0.254181457729559	0.27	0.194	0.104624027937514
"chr8-12925704-12926618"	8.55667368328019e-07	0.310844947154988	0.13	0.051	0.104918510034908
"chr7-65802217-65804286"	8.63970060214794e-07	0.267107159130633	0.22	0.15	0.105936552903297
"chr18-73536309-73536741"	8.94278850315469e-07	0.265743203018793	0.1	0.03	0.109652895510281
"chr7-129954896-129955725"	9.14238059483055e-07	0.26983369908132	0.17	0.093	0.112100213901574
"chr9-105522685-105523598"	9.57044828754098e-07	0.357963985065207	0.17	0.078	0.117349008722512
"chr6-146746989-146747476"	9.67923006493739e-07	0.266534593626435	0.1	0.034	0.118682847364236
"chr9-61808154-61809546"	9.68432832375697e-07	0.26004527612689	0.31	0.218	0.118745360174578
"chr6-146488746-146489265"	9.84952720081082e-07	0.361373001738853	0.13	0.046	0.120770962725462
"chr5-140662536-140665479"	1.01085107765067e-06	0.256851873008306	0.31	0.238	0.123946515737214
"chr15-73127365-73128779"	1.02968041336942e-06	-0.305767115186166	0	0.178	0.126255293565705
"chr18-44390936-44391225"	1.05622338092562e-06	0.434579359693493	0.07	0.002	0.129509886075576
"chr6-127329843-127330982"	1.05812280839194e-06	0.292638819571523	0.25	0.183	0.129742786273786
"chr3-145088097-145088624"	1.07004483781328e-06	0.361829965354965	0.15	0.038	0.131204617833314
"chr11-105464620-105465149"	1.08423661858387e-06	0.274682796649602	0.1	0.029	0.13294475722428
"chr3-153113201-153113551"	1.12178211221778e-06	0.400709472400405	0.06	0.001	0.137548435471695
"chr9-114851555-114852210"	1.12859933249549e-06	0.313987681706099	0.17	0.069	0.138384335753266
"chr8-125604471-125605566"	1.18414740754068e-06	0.283066653294495	0.26	0.165	0.145195418523008
"chr16-10979142-10980047"	1.24457186729054e-06	0.312066568186487	0.1	0.029	0.152604424079697
"chr10-93184865-93185303"	1.28930786704351e-06	0.325172606206007	0.1	0.032	0.158089773425407
"chr13-48314722-48314858"	1.29495592773898e-06	0.321133075204935	0.05	0.001	0.158782316035643
"chr1-132297858-132299566"	1.3878464696027e-06	0.284450527181811	0.21	0.121	0.170172182716804
"chr14-87426529-87426698"	1.39878698561465e-06	0.33145099837515	0.06	0.003	0.171513665028126
"chr12-69890153-69890896"	1.41825436169269e-06	0.372012320095507	0.12	0.032	0.17390067681331
"chr2-163493653-163494429"	1.42118151631811e-06	0.277504421196986	0.13	0.056	0.174259592804861
"chr2-122360191-122363036"	1.45331978309252e-06	0.303719238907566	0.23	0.144	0.178200258523673
"chr2-158508693-158511101"	1.49770761133117e-06	0.370756972366481	0.17	0.054	0.183642916470983
"chr9-45504389-45506030"	1.50290161795262e-06	0.263793132451239	0.15	0.074	0.184279784786878
"chr17-27737598-27739389"	1.51027936155541e-06	0.46202642257729	0.13	0.018	0.185184414196478
"chr3-82728517-82728695"	1.57295222652208e-06	0.376607402016012	0.06	0.002	0.192869110207232
"chr11-29614169-29614625"	1.57433349703559e-06	0.356668064703719	0.11	0.03	0.193038476072516
"chr15-53184248-53185381"	1.60455097529812e-06	-0.299728652355393	0	0.177	0.196743622387154
"chr6-141249001-141251459"	1.62370132069368e-06	-0.313872969972165	0.04	0.306	0.199091761138176
"chr5-147907462-147908582"	1.63838859226215e-06	-0.320091222361243	0.01	0.243	0.200892655628815
"chr8-74870573-74870930"	1.64846978589151e-06	0.346834703700496	0.08	0.013	0.202128771266874
"chr15-59786081-59787796"	1.737825097128e-06	-0.313934658690522	0.02	0.27	0.213085162109447
"chr5-111935290-111935846"	1.7973367038203e-06	0.276169028428608	0.1	0.025	0.22038223727563
"chr2-131029450-131029788"	1.80636193705996e-06	0.35031741052251	0.06	0.002	0.221488875274544
"chr13-97406605-97407165"	1.81033469552139e-06	0.283659469045143	0.12	0.046	0.221975999026051
"chr9-73070800-73071516"	1.84006790449284e-06	0.250235862439222	0.17	0.098	0.225621766177294
"chr8-127256513-127256912"	1.84860930019865e-06	0.481787862118573	0.12	0.012	0.226669077953158
"chr8-12927263-12929398"	1.85132309546676e-06	0.261663321146398	0.13	0.067	0.227001832673753
"chr10-58405345-58406348"	1.85863516277874e-06	0.331021757584561	0.19	0.092	0.227898409119278
"chr6-127566178-127566749"	1.87019902003678e-06	0.322143093162547	0.09	0.016	0.22931632304083
"chr7-28088990-28089646"	1.8744241896227e-06	0.288100435629771	0.06	0.012	0.229834396434777
"chr7-67212021-67212476"	1.88220089850535e-06	0.306860245756927	0.09	0.028	0.230787945371132
"chr8-10619642-10620257"	1.88801805308217e-06	0.348929163803921	0.2	0.076	0.231501221596723
"chr10-60042469-60043010"	1.97839034255728e-06	0.33416360204401	0.12	0.041	0.242582310243003
"chr2-76610355-76611253"	2.00509065827715e-06	-0.303044528682198	0	0.184	0.245856196155311
"chr11-12872359-12873223"	2.0267734221965e-06	0.362326744376551	0.16	0.067	0.248514849936046
"chr9-15505242-15507973"	2.13651705424702e-06	0.328878464261645	0.2	0.127	0.261971175123553
"chr6-127591343-127592024"	2.17313570818574e-06	0.321859962150505	0.11	0.028	0.266461207994903
"chr2-115776986-115777268"	2.21059980756538e-06	0.381184709828509	0.07	0.002	0.271054906004437
"chr7-101488855-101489435"	2.23763653420813e-06	0.342765187365658	0.15	0.047	0.274370041278464
"chr17-5082196-5083330"	2.27977876536626e-06	0.27370158608781	0.15	0.093	0.279537353094149
"chr7-66963509-66963991"	2.28780743706626e-06	0.251348418620352	0.1	0.037	0.280521796703317
"chr10-3940885-3941893"	2.31292949357034e-06	0.299847720155229	0.23	0.148	0.283602162783621
"chr8-56410445-56410812"	2.37159100675735e-06	0.403085710161338	0.08	0.008	0.29079500288456
"chr2-179192775-179194220"	2.40395466305678e-06	0.347060590064824	0.19	0.09	0.294763304965371
"chr7-110302804-110303427"	2.41035235940391e-06	0.344233500448986	0.16	0.058	0.29554776490067
"chr5-123694485-123694775"	2.41873878437062e-06	0.330198562382334	0.09	0.017	0.296576074784388
"chr13-28519363-28520451"	2.43585400590866e-06	0.329975366696983	0.19	0.094	0.298674674788496
"chr8-123341029-123342678"	2.436698440965e-06	0.264124214006387	0.28	0.204	0.298778216037364
"chr18-84119058-84119559"	2.49943986793331e-06	0.35222281155072	0.12	0.035	0.30647131884651
"chr1-97918447-97918915"	2.53254828615035e-06	0.344521150130823	0.13	0.045	0.310530940654612
"chr7-101453036-101453973"	2.54651967164425e-06	0.396813478698907	0.1	0.021	0.312244056058332
"chr6-64727467-64730436"	2.5539550275715e-06	0.259138989180233	0.4	0.324	0.313155749660707
"chr7-141281538-141282031"	2.58672039210226e-06	0.288058664829702	0.09	0.023	0.31717330759801
"chr16-38284596-38285141"	2.61453093755048e-06	0.290527896571564	0.11	0.046	0.320583325438689
"chr19-4718777-4719871"	2.67625761925898e-06	0.260195805020962	0.17	0.081	0.328152004243059
"chr8-26627487-26628000"	2.74164298448603e-06	0.317914175451535	0.09	0.024	0.336169296185739
"chr15-97942575-97946708"	2.75120629535983e-06	-0.289736013043249	0.11	0.485	0.337341911111841
"chr15-10215617-10216605"	2.75684976680682e-06	-0.299140200714299	0	0.187	0.338033891006785
"chr3-122860543-122861493"	2.77697998327866e-06	0.31602908453093	0.17	0.083	0.340502177629697
"chr16-10663673-10664875"	2.78162286969354e-06	0.250249237599999	0.21	0.139	0.341071469790344
"chr1-155013625-155014530"	2.78577391702671e-06	0.327973231752604	0.22	0.109	0.341580454610146
"chr18-67460279-67461320"	2.78792523726075e-06	0.344830166456234	0.22	0.105	0.341844240891964
"chr4-149489181-149490486"	2.86022398203938e-06	-0.304127839364475	0.01	0.235	0.35070922378174
"chr4-149281991-149282484"	2.86851941633378e-06	0.299296299495537	0.11	0.032	0.351726376753183
"chr17-78150750-78152310"	2.87426226999548e-06	-0.311195472069206	0.01	0.242	0.352430542497766
"chr14-100283395-100287157"	2.92901741476509e-06	0.308542649690704	0.37	0.277	0.359144399328837
"chr6-101214702-101215906"	2.98719013180978e-06	0.273938779050355	0.27	0.199	0.366277305201988
"chr12-24845185-24846001"	3.01111143270531e-06	0.346713004869339	0.15	0.061	0.369210439432594
"chr7-129965244-129966328"	3.06577154052121e-06	0.294924325685134	0.17	0.073	0.375912643212549
"chr2-145822006-145823867"	3.1342395528804e-06	-0.300673496137312	0.1	0.414	0.384307917015984
"chr3-137855397-137856417"	3.15310537446575e-06	0.301191322729949	0.16	0.075	0.386621168595493
"chr17-31130846-31131745"	3.17779421625508e-06	0.329988710754178	0.17	0.071	0.389648415620333
"chr12-55569766-55570022"	3.24585875017672e-06	0.331055626702037	0.06	0.002	0.397994216511668
"chr4-133083983-133086403"	3.24866692816727e-06	-0.303138350341583	0.01	0.28	0.398338544064158
"chr16-96201859-96202253"	3.2638486894971e-06	0.416919485175764	0.08	0.009	0.400200070911377
"chr16-5176992-5177199"	3.26722108773498e-06	0.36292442304514	0.06	0.002	0.400613580893713
"chr12-76820342-76821111"	3.31465609155487e-06	0.254212011803505	0.12	0.047	0.406429871322092
"chr14-23966225-23966692"	3.32470235057518e-06	0.259561236215902	0.09	0.029	0.407661703418126
"chr18-11316874-11317987"	3.36473599149968e-06	-0.2921180387575	0	0.189	0.412570468333725
"chr5-147001649-147002180"	3.4993541230259e-06	0.371163968621574	0.11	0.026	0.429076805148944
"chr17-43036154-43036288"	3.51218937990346e-06	0.33316531680336	0.05	0.001	0.430650613006243
"chr2-62513494-62514214"	3.51587546273346e-06	0.286911721770401	0.14	0.07	0.431102585738526
"chr5-113037832-113038145"	3.54793799025027e-06	0.289998489320234	0.08	0.017	0.435033964612527
"chr13-109481307-109482022"	3.56748035710741e-06	0.259189847726784	0.18	0.104	0.437430171467082
"chr10-86380630-86381019"	3.57170576674659e-06	0.29373291385019	0.09	0.028	0.4379482742954
"chr2-170431352-170431970"	3.58253977969145e-06	0.323134033069822	0.1	0.03	0.439276697626646
"chr9-75423689-75424073"	3.60486004906893e-06	0.393974027817551	0.08	0.012	0.442013519776636
"chr2-180460685-180461874"	3.66367985533032e-06	0.282662028455511	0.16	0.082	0.449225769141183
"chr10-39535164-39536507"	3.7333309587599e-06	0.252031137132227	0.18	0.098	0.457766108839304
"chr16-76223833-76226790"	3.7573160612179e-06	-0.310575098229486	0.04	0.304	0.460707066162294
"chr2-76427651-76428222"	3.80284593296106e-06	0.321416232453076	0.12	0.038	0.466289756915954
"chr5-75676663-75677210"	3.90431541582808e-06	0.31486398586843	0.08	0.017	0.478731539027176
"chr11-50138219-50138881"	3.99295299105043e-06	0.306403787657204	0.14	0.051	0.48959992395064
"chr17-28709157-28709889"	4.06679624940391e-06	0.278766713248505	0.14	0.046	0.49865428891691
"chr6-122825898-122826933"	4.07413549450523e-06	0.319927366713354	0.28	0.188	0.499554197794253
"chr14-46793786-46794717"	4.0943059185963e-06	-0.294970562539226	0	0.178	0.502027414514604
"chr6-58968181-58968885"	4.1682836723637e-06	-0.29493120711267	0	0.149	0.511098270770547
"chr16-57923358-57924450"	4.17363615373115e-06	0.29608590924248	0.29	0.206	0.511754570625899
"chr7-126625318-126625935"	4.3347606232415e-06	0.28364114345346	0.13	0.052	0.53151100857938
"chr1-151713843-151714051"	4.33944901971889e-06	0.338859610952786	0.07	0.009	0.532085881001851
"chr17-43118952-43119781"	4.35560672262512e-06	0.368886976685102	0.14	0.046	0.534067073901402
"chr12-33433788-33434163"	4.44507206134433e-06	0.295771567224344	0.08	0.022	0.545036955873797
"chr1-168362151-168363261"	4.58931722201357e-06	-0.313143033105438	0.02	0.237	0.562723720494416
"chr6-138139096-138144140"	4.66811823050432e-06	-0.301465376507833	0.04	0.355	0.572385984951518
"chr19-4261262-4261773"	4.73109367589378e-06	0.302963453542632	0.09	0.031	0.580107782163392
"chr5-127632017-127633837"	4.76395754944649e-06	0.264388513406574	0.23	0.149	0.584137418882931
"chr1-52687266-52688246"	4.78363314124423e-06	0.270065270513371	0.23	0.148	0.586549961246802
"chr7-25840897-25841311"	4.79382402554865e-06	0.316145687633301	0.1	0.031	0.587799526716674
"chr13-24602893-24604024"	4.87838745369281e-06	0.292582054997192	0.12	0.055	0.598168356021998
"chr12-91551910-91552629"	4.88209321178455e-06	0.289922900007348	0.2	0.105	0.598622741256174
"chr1-46888072-46889024"	4.89877075655476e-06	0.266715610782398	0.13	0.05	0.600667675085718
"chr8-27206353-27207291"	4.91945076410206e-06	0.283667229874323	0.12	0.056	0.603203374891138
"chr15-31568514-31570830"	5.02852243916768e-06	-0.307400905730442	0.04	0.309	0.616577307400984
"chr12-17575312-17576862"	5.10097347880896e-06	0.261546789870457	0.18	0.127	0.625460964077639
"chr1-184351788-184352167"	5.2201276705297e-06	0.262595451547738	0.08	0.022	0.64007117444967
"chr10-120168145-120168908"	5.27592840410332e-06	0.30684915724358	0.14	0.053	0.646913237197532
"chr1-194987698-194988099"	5.29020322925356e-06	0.317040025997848	0.09	0.025	0.648663559158154
"chr17-15076687-15078403"	5.35084965562756e-06	0.291174187733261	0.25	0.184	0.656099781374429
"chr11-66982741-66983888"	5.4079826980722e-06	0.336788459504736	0.18	0.08	0.663105206506821
"chr10-121795600-121796816"	5.43454619364076e-06	0.275239508690548	0.21	0.143	0.666362316079456
"chr12-35981601-35982277"	5.63230738812714e-06	0.261337778778985	0.18	0.105	0.690611002702597
"chr6-127586031-127587088"	5.67907631575504e-06	0.271521488440188	0.14	0.061	0.69634562153262
"chr17-56372033-56374061"	5.68162564538493e-06	0.282428082178117	0.12	0.056	0.696658210134519
"chr2-132643115-132643709"	5.73842936704212e-06	0.330819902629033	0.14	0.053	0.703623255269236
"chr14-121780165-121780502"	5.74541295194806e-06	0.327407973991212	0.08	0.018	0.704479554516063
"chr11-57747111-57747804"	5.87531954593755e-06	0.301475356818176	0.12	0.043	0.720408181444678
"chr6-99011794-99012475"	6.00187644046865e-06	0.272594997560841	0.17	0.072	0.735926081624504
"chr2-172006134-172006456"	6.01310478234812e-06	0.290362214655519	0.08	0.014	0.737302855992397
"chr1-134018456-134018949"	6.04754469926818e-06	0.372339398196855	0.1	0.024	0.741525740845467
"chr2-144013524-144014644"	6.15686223873764e-06	0.307372441880808	0.16	0.079	0.754929820265054
"chr16-87434826-87436174"	6.23272320624163e-06	-0.283411957352991	0	0.15	0.764231588656524
"chr18-56722563-56724432"	6.23489497179619e-06	-0.286649845063521	0	0.168	0.764497881861762
"chr1-55769718-55770822"	6.27296849515621e-06	-0.301351295054197	0.01	0.194	0.769166305002074
"chr7-35386348-35387104"	6.40842269342148e-06	0.310904151516145	0.17	0.074	0.785775156976568
"chr3-135395049-135396592"	6.4198676870393e-06	-0.287039209277178	0	0.157	0.78717849631401
"chr1-77172512-77172834"	6.42228980479363e-06	0.326477391929874	0.1	0.022	0.787475486704576
"chr13-55399465-55400918"	6.54083539279968e-06	0.292280917052412	0.22	0.144	0.802011072523526
"chr11-105424595-105425266"	6.60879521187372e-06	0.334779772074306	0.13	0.044	0.810344033699108
"chr1-184837534-184839389"	6.70423641069911e-06	-0.288467253419733	0	0.178	0.822046651734282
"chr4-119633304-119633828"	6.76722881190185e-06	0.332003843838678	0.1	0.03	0.829770528000157
"chr12-31437093-31440121"	6.77596614528272e-06	-0.301370052792929	0.06	0.332	0.830841864869986
"chr18-73829275-73831252"	6.94649175880607e-06	-0.30610670178716	0.02	0.267	0.851751033497766
"chr14-75606002-75607045"	6.98092777531978e-06	0.499858171516698	0.09	0.003	0.85597344009861
"chrX-142577511-142577932"	7.00039953317028e-06	0.274425376725496	0.08	0.031	0.858360989159206
"chr4-73047825-73048299"	7.01244699621952e-06	0.257578711547328	0.09	0.035	0.859838200888452
"chr3-138312313-138313550"	7.02754488335892e-06	-0.302635273161136	0.01	0.279	0.861689443417937
"chr6-18313949-18315210"	7.04973843949592e-06	-0.28815936591081	0	0.163	0.864410728497232
"chr10-106620894-106621786"	7.10849334341358e-06	-0.289748402036418	0	0.143	0.871615019796
"chr17-15326273-15326897"	7.22103559667748e-06	0.363885221607803	0.12	0.044	0.885414500722206
"chr3-101447155-101447556"	7.23742493333767e-06	0.321329779078385	0.11	0.033	0.887424095626131
"chr17-50331293-50332290"	7.25450961522767e-06	0.290247333819865	0.28	0.18	0.889518950980756
"chr17-36189174-36190637"	7.28424855579576e-06	-0.307833278063627	0.02	0.258	0.893165420917453
"chr6-99968750-99969499"	7.35445393474481e-06	0.273569108459826	0.13	0.058	0.901773723662669
"chr7-130834218-130835895"	7.36509869140378e-06	0.273815069533074	0.3	0.241	0.903078941145165
"chr2-136823653-136825082"	7.50138907991113e-06	-0.305849485338353	0.01	0.198	0.919790323422383
"chr8-114484287-114485048"	7.5179053031325e-06	0.404486578005883	0.08	0.003	0.921815476648894
"chr16-92332813-92333056"	7.59098310543928e-06	0.374556233475717	0.06	0.001	0.930775984456543
"chr18-4737399-4738509"	7.64535642080736e-06	-0.284404574278635	0	0.159	0.937443022893716
"chr10-76261407-76261929"	7.76593011391525e-06	0.264800864461763	0.11	0.04	0.952227286847832
"chr1-39430031-39430558"	7.90581677027875e-06	0.282579341583018	0.11	0.043	0.9693796291045
"chr18-57454200-57454515"	7.96882177034563e-06	0.318772352287116	0.08	0.016	0.9771050501927
"chr7-81726230-81726644"	8.00278677578585e-06	0.266151647942795	0.07	0.016	0.981269703299758
"chr2-170445724-170447589"	8.31008876560191e-06	0.303350929822007	0.31	0.173	1
"chr8-46483953-46484608"	8.32758037962781e-06	0.275895010302722	0.13	0.055	1
"chr7-84147635-84148581"	8.34905241627157e-06	0.271853218469344	0.16	0.087	1
"chr14-54095816-54096413"	8.47297695087524e-06	0.328798567124668	0.12	0.049	1
"chr6-59389977-59390851"	8.5437617335222e-06	0.262656733731816	0.13	0.062	1
"chr14-28409396-28409878"	8.63466908209151e-06	0.260353643836652	0.11	0.037	1
"chr3-73002980-73003836"	8.81017700601964e-06	-0.302435773132407	0.01	0.188	1
"chr14-121981551-121981816"	8.90151088862424e-06	0.347598544263841	0.07	0.003	1
"chr6-90475472-90475851"	8.94205503016522e-06	0.335286447317367	0.06	0.003	1
"chr5-131722054-131723334"	8.94514433106039e-06	-0.297327778123563	0.01	0.221	1
"chr9-100818143-100818438"	8.96152997627466e-06	0.35101039618727	0.05	0.002	1
"chr10-121464963-121465497"	8.99265820301546e-06	0.299918277790782	0.13	0.053	1
"chr19-38469938-38470945"	9.27048630902007e-06	-0.286042713239834	0	0.17	1
"chr1-15582164-15582701"	9.48869833240373e-06	0.290402293434937	0.11	0.041	1
"chr15-99907206-99907692"	9.52194193973949e-06	0.278975668009414	0.1	0.025	1
"chr15-62017376-62017941"	9.58351278280448e-06	0.264271386197935	0.11	0.049	1
"chr2-49995798-49996317"	9.62199878864063e-06	0.319426053515115	0.13	0.062	1
"chr5-150290576-150291648"	9.68982677959038e-06	0.255926083616197	0.18	0.12	1
"chr12-117227190-117227727"	9.69916262017551e-06	0.388653820444285	0.13	0.032	1
"chr7-45430649-45431168"	9.74600648296311e-06	0.261023576808888	0.1	0.028	1
"chr11-112834994-112836164"	9.82022918411258e-06	-0.280343389366146	0	0.173	1
"chr11-90268608-90270283"	9.89786582454423e-06	-0.296726844369642	0.06	0.392	1
"chr16-76356423-76359153"	9.94305841391617e-06	-0.288250269154838	0.09	0.402	1
"chr10-94549396-94553744"	9.94948055874985e-06	-0.289365746034286	0.06	0.364	1
"chr4-151036810-151037386"	1.01244273805747e-05	0.266715913272603	0.14	0.076	1
"chr8-111704688-111706350"	1.01584606513524e-05	0.263633249898123	0.34	0.257	1
"chr2-79627568-79628040"	1.03236304390069e-05	0.259793388101754	0.13	0.055	1
"chr6-88262902-88263345"	1.0345875271712e-05	0.30593797113003	0.08	0.018	1
"chr1-66996767-66997332"	1.0442315560108e-05	0.324206384345712	0.16	0.066	1
"chr6-140253592-140253967"	1.05842143250551e-05	0.436304128051324	0.08	0.004	1
"chr16-10656125-10657412"	1.06832964897687e-05	-0.283463011007362	0	0.166	1
"chr8-56343516-56344945"	1.11948431933017e-05	-0.278644407213291	0	0.153	1
"chr3-137932658-137933451"	1.14047254873762e-05	0.293561090952978	0.15	0.074	1
"chr3-53032359-53032697"	1.14392943552069e-05	0.339959957782696	0.06	0.002	1
"chr14-121263880-121265226"	1.14857307941293e-05	0.271430629932826	0.17	0.102	1
"chr13-4264455-4265531"	1.17647595850075e-05	-0.283675319526087	0	0.157	1
"chr5-52716762-52717724"	1.17661626598418e-05	-0.279399000197316	0	0.179	1
"chr1-61651179-61652398"	1.18066504815354e-05	-0.302292896452246	0.02	0.252	1
"chr1-180933887-180934389"	1.19116710708106e-05	0.29692965867438	0.05	0.002	1
"chr3-100365618-100366087"	1.19667459875755e-05	0.380117359715548	0.09	0.009	1
"chr1-165817178-165817720"	1.19889270380388e-05	0.321536638004496	0.12	0.038	1
"chr11-66968426-66969175"	1.21485088927372e-05	-0.279884834715032	0	0.143	1
"chr15-84380252-84380740"	1.23247412643359e-05	0.29531436754596	0.1	0.037	1
"chr2-174522051-174522615"	1.24212630577988e-05	0.326716080508913	0.16	0.073	1
"chr4-87806224-87807008"	1.29140634296082e-05	0.290657412131665	0.15	0.071	1
"chr5-93127462-93129428"	1.31587761842406e-05	-0.299768227169871	0.02	0.253	1
"chr10-98593675-98594858"	1.31874431975524e-05	-0.299880357863252	0.02	0.243	1
"chr13-119631573-119632231"	1.3245371155664e-05	0.284204124965822	0.21	0.12	1
"chr13-12510080-12510492"	1.37624717916892e-05	0.313553391941423	0.08	0.017	1
"chr14-40991841-40992537"	1.38228935953735e-05	0.348071360619606	0.06	0.002	1
"chr13-73712116-73714549"	1.38537871836053e-05	-0.297350243603736	0.02	0.22	1
"chr19-47430120-47430650"	1.39798736261476e-05	0.272051388482102	0.09	0.028	1
"chr9-108161768-108162311"	1.4043746260555e-05	0.284658320947274	0.13	0.062	1
"chr7-4452552-4453243"	1.41256871132586e-05	0.304578691681536	0.19	0.095	1
"chr6-147064216-147065467"	1.45584464887734e-05	-0.275936186887273	0	0.191	1
"chr8-128617199-128618297"	1.45600492710854e-05	-0.279127745382208	0	0.137	1
"chr6-112210434-112211620"	1.5084083414735e-05	0.283836740968622	0.19	0.114	1
"chr9-108925570-108926779"	1.54494243732452e-05	-0.279953567794531	0	0.174	1
"chr3-146567456-146568732"	1.56944362681121e-05	0.251623241765329	0.32	0.229	1
"chr7-28780038-28780654"	1.57412597948002e-05	0.286533066439307	0.13	0.057	1
"chr18-84399312-84399667"	1.57856932358423e-05	0.356561202578991	0.06	0.003	1
"chr14-34349093-34349390"	1.58192767362499e-05	0.325636627063054	0.07	0.012	1
"chr17-63973641-63974602"	1.60842048989867e-05	0.269984102217035	0.15	0.084	1
"chr10-122033302-122033511"	1.61840414052116e-05	0.457695242890007	0.07	0.002	1
"chr18-83840896-83841300"	1.61944948513828e-05	0.286538545324761	0.09	0.028	1
"chr19-47412186-47413508"	1.693657768944e-05	0.280700352886161	0.18	0.103	1
"chr14-63302976-63303689"	1.70965953485591e-05	0.257490734658475	0.12	0.056	1
"chr8-78655462-78655595"	1.71156005051766e-05	0.32951542225845	0.05	0.002	1
"chr3-30481602-30482516"	1.71254121286872e-05	-0.280618721084454	0	0.162	1
"chr6-39272218-39272882"	1.71768954475275e-05	0.290090724935746	0.13	0.056	1
"chr14-63714345-63714953"	1.72354905995742e-05	0.34186477324971	0.1	0.032	1
"chr14-76222831-76224055"	1.73017073830564e-05	0.276244196439124	0.18	0.121	1
"chr4-119131117-119131733"	1.74535164277984e-05	0.25426252897748	0.1	0.033	1
"chr3-97721554-97721928"	1.74887832304975e-05	0.34689399762903	0.07	0.003	1
"chr12-83569457-83569857"	1.74955594979743e-05	0.305399183796015	0.09	0.028	1
"chr10-121992468-121992967"	1.75873357003313e-05	0.327695984735448	0.1	0.031	1
"chr17-84892973-84894296"	1.77244032991838e-05	-0.288942302670702	0.07	0.344	1
"chr5-33103694-33106123"	1.86946414238191e-05	-0.295104394419445	0.03	0.31	1
"chr19-18663922-18664320"	1.89212058201956e-05	0.273776394570874	0.1	0.037	1
"chr2-112242384-112244882"	1.92042406617155e-05	0.265686677700471	0.16	0.086	1
"chr16-38758286-38758871"	1.932881650564e-05	0.35215813837371	0.14	0.052	1
"chr11-98745960-98755266"	1.95821374297954e-05	-0.264704114791451	0.17	0.523	1
"chr10-95116425-95118140"	1.97199601799181e-05	-0.287313136054036	0.01	0.198	1
"chr6-134256265-134256903"	1.97632483064337e-05	0.331631454309617	0.14	0.056	1
"chr10-7208712-7209384"	2.01195748729935e-05	0.284870521108745	0.14	0.062	1
"chr8-67998805-67999190"	2.01611436825778e-05	0.260172728895538	0.09	0.031	1
"chr3-12663472-12663895"	2.01632010247845e-05	0.359357404360562	0.1	0.022	1
"chr15-79983894-79984611"	2.04574493611651e-05	0.283601239473026	0.11	0.04	1
"chr2-38535562-38537435"	2.05976803073565e-05	0.254746459286269	0.17	0.103	1
"chr5-81617301-81617759"	2.06899343902256e-05	0.377960439163994	0.11	0.029	1
"chr18-46152240-46154504"	2.07254779600748e-05	-0.293679129108661	0.03	0.246	1
"chr8-127183620-127184587"	2.08973141698756e-05	0.273944140343221	0.18	0.115	1
"chr10-7864164-7865340"	2.12941456476522e-05	0.32040488438133	0.14	0.059	1
"chr6-142289314-142290293"	2.13506637131018e-05	0.305654821855034	0.26	0.159	1
"chr2-139821343-139822043"	2.182265454779e-05	0.298888245495832	0.16	0.069	1
"chr4-122905181-122905891"	2.19203401919358e-05	-0.273970692724593	0	0.15	1
"chr7-29231906-29232940"	2.19603931772719e-05	0.25911476389749	0.13	0.075	1
"chr11-6341507-6341930"	2.20231449851257e-05	0.255431923531383	0.08	0.029	1
"chr10-116177155-116178202"	2.2082781321972e-05	0.259080095145039	0.21	0.139	1
"chr11-72965113-72966275"	2.25731518884949e-05	0.258011384474709	0.14	0.07	1
"chr15-31243219-31243752"	2.31090518973193e-05	0.337414993524424	0.1	0.029	1
"chr12-109402147-109402715"	2.31978626893623e-05	0.286418668122732	0.1	0.038	1
"chr8-81840472-81841058"	2.32725011444092e-05	0.349221011389848	0.13	0.047	1
"chr18-70050222-70050809"	2.34146825026179e-05	0.291858277096282	0.14	0.071	1
"chr1-89509671-89510444"	2.35642174668671e-05	0.283815535521494	0.18	0.113	1
"chr5-124614524-124615137"	2.37882952620836e-05	0.255088736062065	0.13	0.065	1
"chr17-6467882-6468591"	2.40715087001925e-05	0.336534403984507	0.15	0.061	1
"chr15-57838412-57839138"	2.41828210147368e-05	-0.27611704982922	0	0.159	1
"chr2-131189581-131191062"	2.47111565467691e-05	0.314517292652771	0.17	0.073	1
"chr2-170461579-170462395"	2.47768400966379e-05	-0.274890105282169	0	0.139	1
"chr12-39941069-39941919"	2.4830037223596e-05	-0.271160591299587	0	0.135	1
"chr6-114293240-114294474"	2.49656665681029e-05	0.254889647057433	0.08	0.033	1
"chr9-9174177-9174633"	2.50979609255792e-05	0.296456255753394	0.1	0.037	1
"chr1-51624500-51625181"	2.53155484845612e-05	0.340045981636576	0.14	0.061	1
"chr12-5282870-5285422"	2.53358572505926e-05	-0.269346640427026	0	0.153	1
"chr17-50455749-50456198"	2.57974708686094e-05	0.257930115508561	0.09	0.035	1
"chr6-142345282-142346927"	2.58616545080133e-05	0.280896649554369	0.3	0.225	1
"chr5-92291584-92293208"	2.58898759794829e-05	-0.292840290815196	0.02	0.222	1
"chr16-58514464-58514933"	2.6292852610666e-05	0.302021229036654	0.09	0.031	1
"chr2-152789236-152789913"	2.64375171907378e-05	0.330757947265041	0.05	0.002	1
"chr5-3527263-3527701"	2.65321479592275e-05	0.324883760333387	0.11	0.032	1
"chr10-121904158-121904404"	2.65843647571793e-05	0.268004309019718	0.07	0.013	1
"chr15-62343297-62343534"	2.67857670371449e-05	0.313765420107249	0.05	0.002	1
"chr16-97729331-97731134"	2.69137226272082e-05	-0.281563256792856	0.01	0.184	1
"chr4-5494279-5495371"	2.7831482055473e-05	-0.273392564954943	0	0.163	1
"chr5-28304532-28304999"	2.79868967075041e-05	0.277767770811765	0.1	0.033	1
"chr17-11092741-11093437"	2.86961810934307e-05	0.323614444242702	0.17	0.09	1
"chr15-27506048-27507954"	2.89693458141667e-05	-0.290497334003023	0.04	0.256	1
"chr1-171513760-171514308"	2.91046116792942e-05	0.310665296904199	0.1	0.031	1
"chr8-107402622-107404007"	2.92347866300414e-05	-0.295758323147106	0.03	0.279	1
"chr5-150337697-150338084"	2.92470466428044e-05	0.326763018114649	0.07	0.012	1
"chr7-113047733-113048913"	2.93147948446154e-05	-0.269991898443806	0	0.128	1
"chr4-35575174-35576301"	2.93849142475491e-05	-0.28924800567778	0.01	0.201	1
"chr14-76731392-76732030"	3.02251825514529e-05	0.352381475901887	0.11	0.041	1
"chr1-37350835-37351620"	3.06520862918023e-05	0.271156754719285	0.12	0.048	1
"chr1-51770419-51770832"	3.10281857915319e-05	0.3266128765992	0.08	0.018	1
"chr14-32351227-32351932"	3.11655688887718e-05	0.292238326215535	0.09	0.036	1
"chr8-3569907-3570079"	3.13466210652284e-05	0.30714521388316	0.05	0.002	1
"chr12-32307178-32308055"	3.1763369773449e-05	-0.282581786844879	0.01	0.159	1
"chr10-116649235-116649707"	3.23123535399815e-05	0.339135265473533	0.14	0.044	1
"chr3-145951437-145953897"	3.24435384295304e-05	-0.266651933405844	0	0.154	1
"chr9-15708856-15710496"	3.26523132202207e-05	0.277650020822345	0.2	0.1	1
"chr12-117424752-117425822"	3.32712500088242e-05	-0.291023869379893	0.01	0.196	1
"chr18-34915757-34916235"	3.32714879214616e-05	0.256486650087984	0.09	0.037	1
"chr9-110998563-111000290"	3.32717691646498e-05	-0.265872835450359	0	0.148	1
"chr17-27709974-27711015"	3.33856963992937e-05	0.368299262349714	0.06	0.002	1
"chr3-36797000-36798668"	3.34574016686005e-05	-0.286200426738011	0.02	0.207	1
"chr3-57341328-57341682"	3.35835134251896e-05	0.328960723011603	0.07	0.012	1
"chr1-160079104-160080005"	3.36938859848667e-05	-0.291734713930537	0.02	0.218	1
"chr1-40709073-40709827"	3.38463278068006e-05	-0.265575915980497	0	0.135	1
"chr9-116314091-116315119"	3.38686475861873e-05	0.263793522550937	0.14	0.076	1
"chr6-59132389-59132799"	3.41143000511681e-05	0.271396695535241	0.1	0.032	1
"chr4-150564139-150564571"	3.41378160461374e-05	0.260136631538747	0.09	0.034	1
"chr16-13400369-13400821"	3.4409922677974e-05	0.310655338428544	0.07	0.013	1
"chr17-35276316-35276924"	3.54265495324046e-05	0.290537850026495	0.13	0.056	1
"chr1-113412662-113413327"	3.54750339055647e-05	0.284875455552423	0.15	0.081	1
"chr7-50105766-50106095"	3.62970367627225e-05	0.404835946502036	0.06	0.002	1
"chr13-95825904-95827327"	3.72903768326067e-05	0.28429037249463	0.14	0.06	1
"chr17-15206809-15206972"	3.73296444743297e-05	0.328849256876511	0.05	0.002	1
"chr14-28541933-28542919"	3.76654401956448e-05	-0.290418492425826	0.02	0.214	1
"chr10-80818940-80819267"	3.77207428168184e-05	0.370491709739056	0.06	0.003	1
"chr6-40628131-40629232"	3.7734462810669e-05	-0.268465159298984	0	0.154	1
"chr1-139193975-139194434"	3.88133570288532e-05	0.27290617493431	0.1	0.035	1
"chr1-74961363-74963440"	3.9599817389026e-05	-0.2902937242326	0.02	0.269	1
"chr16-46847756-46850173"	3.96459297602482e-05	-0.282301805083439	0.07	0.338	1
"chr11-84332949-84333719"	3.99025845351055e-05	0.283781865074694	0.1	0.028	1
"chr1-183432321-183432924"	4.00860244336622e-05	0.253378292679756	0.09	0.035	1
"chr11-44495919-44496687"	4.01495406967758e-05	-0.269890536398602	0	0.144	1
"chr13-29745896-29746933"	4.04701211240384e-05	0.257525943936347	0.12	0.057	1
"chr7-39822467-39823291"	4.0717938204656e-05	-0.26908163542628	0	0.138	1
"chr10-44427348-44428683"	4.10523151105517e-05	-0.289952446493246	0.02	0.262	1
"chr18-20456890-20457979"	4.11741841284656e-05	-0.267859800403926	0	0.133	1
"chr3-101516312-101517760"	4.1249395640423e-05	-0.28758079662678	0.05	0.337	1
"chr5-35445095-35446268"	4.16770623856253e-05	0.425963796275616	0.07	0.003	1
"chr7-64370384-64371198"	4.16847051664215e-05	0.273842119426958	0.13	0.056	1
"chr12-30855434-30856582"	4.17196335867488e-05	-0.270045450000041	0	0.144	1
"chr9-22160921-22162606"	4.24053407540621e-05	-0.268821218465435	0	0.144	1
"chr3-127833044-127834499"	4.24522783160162e-05	-0.266084497577806	0	0.127	1
"chr15-81893763-81894576"	4.3484985630341e-05	-0.268815749184355	0	0.161	1
"chr17-64521683-64522574"	4.37146460243511e-05	0.26948275630919	0.13	0.061	1
"chr11-53307730-53309019"	4.38054010956436e-05	-0.266035635275131	0	0.173	1
"chr17-69567339-69568557"	4.39437272123393e-05	0.278368023244996	0.19	0.119	1
"chr12-102420469-102420827"	4.43077549563647e-05	0.308190054292899	0.08	0.019	1
"chr8-115524484-115525819"	4.44400111185526e-05	-0.287024225113152	0.03	0.266	1
"chr2-158666392-158669827"	4.45876599107845e-05	-0.282867814855762	0.03	0.298	1
"chr13-10526443-10527434"	4.49567629444093e-05	-0.263687077542955	0	0.154	1
"chr5-51446312-51447511"	4.51653612399632e-05	-0.268872460406618	0	0.145	1
"chr6-141252279-141253316"	4.53085388377373e-05	-0.2889043126489	0.02	0.202	1
"chr2-146295756-146296342"	4.5639035789813e-05	0.272814942146481	0.09	0.033	1
"chr3-117038576-117038857"	4.57383588826258e-05	0.314845682160758	0.05	0.002	1
"chr1-16509051-16509427"	4.60775092235978e-05	0.294758774289578	0.08	0.025	1
"chr13-81331817-81332596"	4.66763146926868e-05	-0.279203359293128	0.01	0.159	1
"chr3-62427860-62428031"	4.68881094637088e-05	0.322838684794885	0.05	0.002	1
"chr6-127381016-127381923"	4.70554507810055e-05	-0.263872170295555	0	0.134	1
"chr12-91863003-91863286"	4.73312354027429e-05	0.294745374869944	0.05	0.004	1
"chr18-70057699-70057976"	4.74585119318239e-05	0.304335807147181	0.05	0.001	1
"chr7-48753977-48755148"	4.76738079035618e-05	-0.285977801978624	0.02	0.202	1
"chr8-74314805-74316052"	4.78134442781993e-05	-0.284249947069256	0.02	0.219	1
"chr12-113219835-113223372"	4.83582778534266e-05	0.296681302282926	0.33	0.227	1
"chr19-38077699-38078341"	4.84559146850814e-05	0.269314485268309	0.11	0.039	1
"chr15-94664411-94665334"	4.85274184180862e-05	-0.258361699927953	0	0.129	1
"chr19-8667090-8667451"	4.90782361020508e-05	0.257004109816091	0.09	0.027	1
"chr8-21762550-21763196"	4.92429578928444e-05	0.252745795117907	0.13	0.082	1
"chr6-61363501-61364125"	4.93322995270854e-05	0.290517419391337	0.16	0.071	1
"chr6-126921123-126921813"	5.10025079712037e-05	0.268422523362707	0.11	0.046	1
"chr4-120223005-120224343"	5.11733893831487e-05	0.253992216462631	0.22	0.13	1
"chr5-147927943-147929446"	5.12242515407547e-05	-0.266345470583663	0	0.14	1
"chr2-131213092-131214242"	5.25384613181099e-05	0.256439936857504	0.12	0.061	1
"chr5-17648235-17649456"	5.29385384943724e-05	-0.283194219137677	0.02	0.236	1
"chrX-112694356-112694823"	5.41381022171581e-05	0.280962683226787	0.13	0.056	1
"chr17-78207808-78208198"	5.49855339669726e-05	0.260181365713346	0.07	0.019	1
"chr13-10244634-10244890"	5.58642276821895e-05	0.316299248308771	0.07	0.01	1
"chr8-69031176-69031545"	5.67636096390601e-05	0.272867648384281	0.09	0.027	1
"chr7-75427203-75427928"	5.83031722571057e-05	-0.2818446203434	0.01	0.178	1
"chr12-32011183-32011530"	5.88228472989639e-05	0.298334652584784	0.07	0.012	1
"chr19-55790136-55793474"	5.89538102101332e-05	-0.262719237477269	0	0.171	1
"chr14-11578000-11579733"	5.93368301036575e-05	-0.285935317600582	0.02	0.217	1
"chr9-11380430-11380920"	5.956888174986e-05	0.309512785530634	0.13	0.049	1
"chr5-131439692-131440310"	5.97603375996042e-05	0.360234790107911	0.05	0.001	1
"chr18-75278443-75280376"	6.04629107870936e-05	0.259805132008794	0.16	0.103	1
"chr1-170575562-170576790"	6.06173762478916e-05	-0.280451747719158	0.01	0.187	1
"chr12-45029142-45029353"	6.13981137024557e-05	0.363843521757137	0.06	0.002	1
"chr1-67064518-67066449"	6.18834918526222e-05	-0.280750253171379	0.04	0.275	1
"chr11-21402521-21403178"	6.21808985409524e-05	0.265683221497678	0.13	0.061	1
"chr5-90936502-90937156"	6.23425241984827e-05	-0.260323088129921	0	0.134	1
"chr4-122944455-122946335"	6.24600870460419e-05	-0.285240928874505	0.01	0.212	1
"chr16-34936075-34939635"	6.4022917860794e-05	-0.282753672779094	0.02	0.223	1
"chr6-148082662-148082878"	6.43319206364093e-05	0.294683071028534	0.08	0.018	1
"chr6-142459098-142459604"	6.52134128198391e-05	0.354431997919846	0.11	0.027	1
"chr1-191282976-191284947"	6.58227501472993e-05	-0.284476700656266	0.04	0.271	1
"chr7-132578021-132578898"	6.65928089597386e-05	-0.264211609565238	0	0.142	1
"chr7-97698136-97698492"	6.72642225675665e-05	0.284190574109423	0.09	0.032	1
"chr8-115560708-115562656"	6.74742163609215e-05	-0.284744283862898	0.02	0.23	1
"chr7-24459172-24460272"	6.75063308302351e-05	0.258951716650285	0.17	0.092	1
"chr7-119525580-119527743"	7.00177323090908e-05	-0.275464146338866	0.01	0.182	1
"chr5-90890770-90891634"	7.01368738686732e-05	0.285439821418369	0.14	0.076	1
"chr6-112619962-112620508"	7.02428436890724e-05	0.259912108356158	0.14	0.066	1
"chr13-108489317-108490284"	7.12074017988167e-05	-0.261915661038019	0	0.138	1
"chr9-115776907-115777719"	7.1754002098667e-05	0.282862812432916	0.12	0.052	1
"chr12-7918705-7920422"	7.21456706955024e-05	-0.284084000614113	0.02	0.238	1
"chr15-27466036-27467366"	7.2668461850542e-05	-0.282918092053693	0.04	0.266	1
"chr2-128709981-128711228"	7.29307940522902e-05	-0.280969949188686	0.03	0.206	1
"chr10-77061386-77061856"	7.3815165352859e-05	0.256357898576087	0.08	0.031	1
"chr2-137869617-137870017"	7.45132052441982e-05	0.324524697147838	0.1	0.022	1
"chr7-122179714-122180130"	7.46628282457893e-05	0.351686345030941	0.05	0.001	1
"chr4-53413898-53414995"	7.48588585419853e-05	0.290814061999057	0.14	0.08	1
"chr2-163593372-163594526"	7.50239976684884e-05	-0.282017183749337	0.01	0.189	1
"chr1-191846421-191847376"	7.50862111920231e-05	-0.283490897821708	0.02	0.212	1
"chr2-124598979-124600148"	7.54863299020694e-05	-0.273943767791655	0.01	0.162	1
"chr11-43125908-43126873"	7.62444106066966e-05	0.291190626738636	0.12	0.055	1
"chr6-124678591-124679947"	7.63861271733837e-05	-0.280498105171463	0.04	0.252	1
"chr5-101829293-101830820"	7.66772533610038e-05	-0.282931531879717	0.02	0.24	1
"chr6-23938817-23939541"	7.67958193452111e-05	-0.257298734576324	0	0.124	1
"chr3-9669452-9670402"	7.73392570409408e-05	-0.276737203817086	0.01	0.166	1
"chr16-21057245-21057556"	7.73922234190043e-05	0.305765929520707	0.06	0.004	1
"chr14-101804900-101805709"	7.77051741972628e-05	0.285586097796859	0.14	0.064	1
"chr1-77458357-77459422"	7.79832003551101e-05	-0.260259005303905	0	0.128	1
"chr15-94599211-94601758"	7.8829430989126e-05	-0.285885420565263	0.02	0.23	1
"chr5-33076392-33077405"	7.89974277369115e-05	-0.25846198671018	0	0.148	1
"chr2-181646655-181647743"	8.03548876017256e-05	-0.263394497634442	0	0.144	1
"chr12-71872420-71872648"	8.25032412725334e-05	0.305787404652845	0.05	0.002	1
"chr11-24469937-24470971"	8.3170205625434e-05	-0.252334070550386	0	0.134	1
"chr10-88827638-88828902"	8.48838620154159e-05	-0.257060214800009	0	0.13	1
"chr1-182509024-182509881"	8.51599920179015e-05	0.253831415148213	0.12	0.051	1
"chr18-44825271-44825631"	8.59236427039407e-05	0.259441891927305	0.09	0.03	1
"chr3-153939947-153940747"	8.62706556470745e-05	0.404027408732265	0.1	0.011	1
"chr6-142351444-142352497"	8.68276642336307e-05	0.32718913790909	0.12	0.052	1
"chr4-116016134-116018840"	8.69737953938891e-05	-0.279059352749904	0.04	0.32	1
"chr7-132724508-132724903"	8.71084094089763e-05	0.311615058793682	0.08	0.019	1
"chr15-59409523-59410750"	8.76102646799706e-05	-0.259708103394446	0	0.142	1
"chr17-64755317-64755531"	8.8233446845581e-05	0.314685241080328	0.07	0.012	1
"chr18-57954429-57954557"	8.85818107719786e-05	0.276809861765142	0.05	0.003	1
"chr4-62200112-62200659"	8.91134648819921e-05	0.261713981478872	0.15	0.078	1
"chr5-20509354-20510149"	9.0785247679601e-05	0.250399765447789	0.18	0.103	1
"chr2-172445613-172445955"	9.12771045698245e-05	0.307271236439461	0.07	0.017	1
"chr1-126677074-126677931"	9.16246237969184e-05	-0.274323139410275	0.01	0.151	1
"chr2-24678439-24679739"	9.33585851931291e-05	0.313985433558521	0.17	0.074	1
"chr10-69149219-69149661"	9.34536808332034e-05	0.301204689992472	0.08	0.021	1
"chr3-138120361-138122374"	9.35129586374217e-05	-0.274540669654586	0.01	0.178	1
"chr9-11435081-11437200"	9.39397026262582e-05	-0.2734281507173	0.01	0.158	1
"chr1-82990563-82992541"	9.52158851067789e-05	-0.276001825368516	0.07	0.334	1
"chr5-46083188-46083980"	9.52585565430949e-05	-0.252111211788305	0	0.126	1
"chr8-104925895-104927790"	9.59530865918002e-05	-0.256939125519701	0	0.159	1
"chr7-46723067-46724569"	9.6496586054294e-05	-0.28138647883929	0.02	0.212	1
"chr15-86181842-86183357"	9.7750015048929e-05	-0.283172373421944	0.02	0.22	1
"chr1-168737258-168738158"	9.77544529382404e-05	-0.25096041762647	0	0.104	1
"chr15-3969460-3970584"	9.77921921873147e-05	-0.27580775684733	0.01	0.188	1
"chr17-47966086-47966512"	9.80902333470856e-05	0.267228655925005	0.07	0.019	1
"chr15-73707194-73708343"	9.85583549232147e-05	0.279173070024305	0.09	0.024	1
"chr8-90825059-90826244"	9.92276889300396e-05	-0.281975138499066	0.06	0.321	1
"chr2-170343085-170346197"	9.92938808323562e-05	-0.266799345839308	0.1	0.361	1
"chr18-81204776-81205229"	0.000100002862730754	0.289562188218423	0.1	0.032	1
"chr2-167798438-167800492"	0.000101861318456803	-0.274425616003644	0.01	0.192	1
"chr17-66594387-66596565"	0.000102671876699059	-0.283138345507088	0.04	0.253	1
"chr6-148193848-148194885"	0.000103353883166068	-0.273039698350549	0.01	0.168	1
"chr5-54024669-54025000"	0.000103487981497327	0.334069812331726	0.06	0.007	1
"chr6-34157126-34158028"	0.000105353302280913	0.366524292549849	0.07	0.005	1
"chr7-45193661-45194824"	0.000106499640796962	0.306874583478806	0.09	0.034	1
"chr18-21105633-21106669"	0.000106628436526665	-0.273849433546663	0.01	0.163	1
"chr4-88977451-88978562"	0.000107406482761154	-0.2517208121881	0	0.129	1
"chr6-145346175-145348380"	0.000107539696379003	-0.278304443575211	0.03	0.246	1
"chr1-93288095-93288366"	0.000108710398399221	0.298573272103739	0.05	0.002	1
"chr18-57407741-57408228"	0.000108735337699021	0.267668479644885	0.1	0.039	1
"chr2-115911752-115913483"	0.00010877497522379	-0.270787931845585	0.07	0.307	1
"chr7-72496924-72497855"	0.000108880154566852	-0.252547861682762	0	0.126	1
"chr6-124477699-124480080"	0.000108907130080023	-0.277238163702984	0.01	0.197	1
"chr9-35038811-35054129"	0.000109053621890105	-0.252535440388871	0.12	0.342	1
"chr15-94882926-94883164"	0.000109158574988033	0.311539288943958	0.05	0.003	1
"chr9-30876298-30877663"	0.000110181244303456	-0.27713695800344	0.01	0.214	1
"chr8-35654192-35655156"	0.000110307359979653	-0.253592598550699	0	0.122	1
"chr9-35119094-35119459"	0.000113179726351596	0.279287355836703	0.08	0.025	1
"chr13-109723678-109723835"	0.000114104073785128	0.348573773329868	0.06	0.002	1
"chr13-55149038-55150425"	0.000116309234266969	-0.25216406288367	0	0.14	1
"chr9-29318552-29319701"	0.000116579862287109	-0.252581637077754	0	0.135	1
"chr5-131837798-131839211"	0.000116678176567746	-0.255760219677811	0	0.137	1
"chr4-52176027-52177499"	0.000116886460414849	-0.280071327118373	0.01	0.189	1
"chr8-123436035-123436400"	0.000117019533887195	0.260716433572865	0.07	0.022	1
"chr3-55119098-55119922"	0.000117597772714061	-0.250419369478431	0	0.123	1
"chr10-95465523-95465950"	0.000118203474721036	0.267721739738692	0.09	0.035	1
"chr8-72127854-72128363"	0.000118327404371796	0.253133080026986	0.12	0.045	1
"chr1-177469960-177470643"	0.000119027221616647	0.269394146275378	0.16	0.09	1
"chr1-149897318-149897636"	0.000120201336475915	0.270315321614896	0.05	0.003	1
"chr17-35590328-35591248"	0.000120700390614932	-0.255923347665996	0	0.139	1
"chr15-17088599-17089776"	0.000121528014262066	-0.27615528289593	0.02	0.186	1
"chr16-49964456-49966557"	0.000122300255713909	-0.251936225670932	0	0.125	1
"chr5-140596248-140598555"	0.000122482300376991	0.25012822066873	0.16	0.08	1
"chr17-40873349-40875002"	0.000124384086254739	-0.282629361720274	0.02	0.225	1
"chr4-145360561-145361568"	0.000124745073150647	-0.279433423646059	0.04	0.258	1
"chr14-118823416-118823704"	0.000124791693873375	0.329244404669646	0.09	0.026	1
"chr14-63335327-63336023"	0.000126211733756362	-0.255437256451199	0	0.135	1
"chrX-43739980-43740741"	0.00012637079529787	-0.267884493566993	0.01	0.15	1
"chr5-9057241-9058189"	0.000126718052676308	-0.277323562399694	0.02	0.181	1
"chr7-127946378-127947278"	0.000127471367216534	0.271172816739187	0.16	0.088	1
"chr3-67759957-67760843"	0.000127773901214074	-0.253353603125809	0	0.123	1
"chr19-44984733-44987350"	0.000128500309766951	-0.265572341894168	0.01	0.202	1
"chr6-3470496-3471204"	0.000128590469546078	0.279198300905344	0.19	0.109	1
"chr9-37845871-37846155"	0.000128798588233663	0.320786631301093	0.05	0.002	1
"chr4-109256952-109257843"	0.000129167652324092	0.261716721231186	0.12	0.038	1
"chr13-118657747-118659174"	0.000129181398336072	-0.272512849340446	0.04	0.217	1
"chr1-171213633-171214552"	0.000130001813612371	-0.25692268280301	0	0.144	1
"chr9-77276367-77277702"	0.000130202075778032	-0.253056239536792	0	0.136	1
"chr14-34583814-34586728"	0.000131309628891838	-0.275681605042281	0.02	0.247	1
"chr1-136259642-136261151"	0.000131618715082534	-0.255998880889479	0	0.125	1
"chr19-27325527-27325979"	0.000131657883781337	0.326996228368542	0.13	0.049	1
"chr6-92394598-92394949"	0.000131712713342925	0.251667667994108	0.05	0.009	1
"chr1-171527256-171528898"	0.000132369579715574	0.349014932788647	0.06	0.003	1
"chr1-191401039-191401905"	0.000133159266994301	-0.250895678987071	0	0.125	1
"chr6-17554347-17555260"	0.000136006614830363	-0.271563092387616	0.01	0.163	1
"chr1-179236524-179236922"	0.000136287061691001	0.292130968792234	0.09	0.03	1
"chr2-3775986-3777188"	0.00013670960702582	-0.250786881037211	0	0.128	1
"chr2-102257906-102259623"	0.000137261306747316	0.261693723199428	0.15	0.098	1
"chr8-4367818-4368901"	0.000138809584202883	-0.252380269195067	0	0.126	1
"chr3-109572438-109574511"	0.000138899216178861	-0.276487512292012	0.02	0.207	1
"chr3-19168429-19170108"	0.000140546864294597	-0.274067014796514	0.01	0.188	1
"chr14-74984982-74985362"	0.000140633579758865	0.2655963682795	0.08	0.025	1
"chr2-163615358-163618476"	0.000141415614941979	-0.272169590478192	0.01	0.172	1
"chr18-61218273-61219241"	0.000142505646838688	-0.256238221522641	0	0.146	1
"chr12-102980335-102981322"	0.000142828724152773	-0.251388781340396	0	0.129	1
"chr5-98842158-98845356"	0.000143917483220474	-0.261874522259107	0.1	0.393	1
"chr5-131730736-131731196"	0.000146614922556821	0.265861489599668	0.09	0.043	1
"chr19-17139956-17140965"	0.000146738989808058	0.262968865118403	0.26	0.163	1
"chr13-92533500-92534126"	0.000147137406813353	0.304752434416208	0.11	0.038	1
"chr6-52601296-52602642"	0.00014754801218707	-0.254570011688722	0	0.144	1
"chr5-102783688-102783784"	0.00014793939325474	0.250091599913505	0.06	0.012	1
"chr6-59412493-59413538"	0.000148192282072709	-0.250516990861069	0	0.128	1
"chr16-18653088-18655955"	0.000149087366610067	-0.267675690836101	0.07	0.344	1
"chr2-113397298-113398272"	0.000149179674091375	-0.275202979455131	0.02	0.193	1
"chr1-171416786-171419758"	0.000150615372971629	-0.273980905013099	0.04	0.281	1
"chr10-62419116-62421470"	0.00015082339540538	-0.250174171755995	0	0.147	1
"chr10-8095760-8096533"	0.000151062842522117	-0.250266484051777	0	0.129	1
"chr1-55173233-55174882"	0.000151860181926967	-0.273613480826071	0.06	0.295	1
"chr17-80698080-80699418"	0.000152184745528517	0.257302031677591	0.16	0.093	1
"chr4-119301742-119302241"	0.000154003156448281	0.266428194662718	0.1	0.038	1
"chr16-76242712-76243390"	0.000154683559657621	-0.267919881633607	0.01	0.149	1
"chr16-16951710-16952043"	0.000154995638038388	0.264202341816431	0.07	0.018	1
"chr2-125206004-125206354"	0.000156333185977317	0.306690638362484	0.08	0.017	1
"chr8-57563871-57564039"	0.000156981242945288	0.321357699728432	0.05	0.002	1
"chr4-137726752-137728202"	0.000159237091856487	0.276860335187041	0.1	0.039	1
"chr3-143090679-143091439"	0.000160556916934194	-0.271994669275802	0.03	0.232	1
"chr5-5283743-5284425"	0.000161169144562229	0.270739780221413	0.13	0.064	1
"chr1-191645497-191646582"	0.000161498357757361	-0.274363034422135	0.02	0.207	1
"chr18-46419113-46422251"	0.000162217273843006	-0.275200597330052	0.05	0.28	1
"chr16-10905380-10906374"	0.000162873435715439	0.263448534876852	0.2	0.109	1
"chr2-165511062-165511975"	0.000163155501138407	0.324928774930663	0.15	0.056	1
"chr7-79890227-79891379"	0.000163506602026956	-0.265202891964547	0.01	0.162	1
"chr10-53927497-53928089"	0.000164080725899103	0.257859635016761	0.1	0.039	1
"chr3-143454525-143455215"	0.000165051135741869	0.297018728422754	0.11	0.045	1
"chr13-10473194-10473572"	0.000166071853293878	0.25687060718745	0.09	0.022	1
"chr1-131064240-131064610"	0.000167398930447489	0.271073071479747	0.07	0.018	1
"chr6-59556339-59557260"	0.000168817043546759	0.30200587794374	0.12	0.05	1
"chr5-9028087-9028873"	0.0001688461012565	-0.269990879311552	0.01	0.165	1
"chr3-98253185-98255405"	0.000169484846295925	-0.273371078382693	0.02	0.215	1
"chr16-10451670-10454967"	0.000170235491297887	-0.275210459794076	0.05	0.284	1
"chr13-9082237-9082454"	0.000170380523546321	0.331685099870296	0.05	0.002	1
"chr7-70623990-70625955"	0.000171367846432806	-0.269457883066053	0.04	0.261	1
"chr6-7789034-7789516"	0.000172616226413994	0.284033925262851	0.13	0.052	1
"chr5-151346532-151347408"	0.000172844052662634	-0.261235097454088	0.01	0.145	1
"chr19-21493982-21494613"	0.000175035204239468	-0.251178608259282	0	0.122	1
"chr14-20192933-20193870"	0.00017734572569021	-0.251775868516829	0	0.134	1
"chr11-74555874-74556467"	0.000177600200149016	0.256812580197664	0.08	0.031	1
"chr6-141640365-141641262"	0.000178971596202577	-0.263296323028556	0.01	0.145	1
"chr4-35051829-35052967"	0.000179685432183885	-0.275698784023469	0.03	0.232	1
"chr3-147283690-147284101"	0.000182405155777089	0.28061780069046	0.09	0.033	1
"chr2-122760578-122761833"	0.000184857977704128	-0.264260331514634	0.01	0.161	1
"chr5-128579021-128579819"	0.0001888795785268	0.306559117984428	0.17	0.095	1
"chr10-83031968-83033342"	0.000190808713444786	-0.278784563181076	0.03	0.265	1
"chr7-25614596-25617555"	0.000192066502184184	-0.265684550581113	0.01	0.188	1
"chr16-30048870-30053981"	0.000195821212019365	-0.266181223400806	0.08	0.392	1
"chr6-125332967-125333894"	0.000197134866182413	0.294977193536622	0.09	0.026	1
"chr16-97657826-97658162"	0.000197748598882967	0.273710804410228	0.07	0.02	1
"chr1-67077662-67080330"	0.000203303167198886	-0.269411129215533	0.05	0.282	1
"chr2-140895629-140897193"	0.000204267670241313	-0.267190851428882	0.01	0.174	1
"chr18-62021684-62022009"	0.000206642404168864	0.299232720641446	0.06	0.006	1
"chr12-76552038-76553280"	0.000209710466761167	-0.263660168816101	0.01	0.171	1
"chr7-144055250-144056820"	0.000211856895180427	-0.270192150185413	0.02	0.203	1
"chr8-119488097-119489277"	0.000212435980040058	-0.26580968525504	0.02	0.183	1
"chr7-30474224-30475529"	0.000213295413612437	-0.250395107596432	0	0.128	1
"chr1-3670506-3672738"	0.000217261948668976	0.267680371064822	0.3	0.212	1
"chr7-80088174-80088736"	0.000217315559767863	0.254524016583412	0.11	0.047	1
"chr1-46127973-46128530"	0.000217343993661474	0.281134607193897	0.13	0.071	1
"chr9-90275340-90276088"	0.000221254452097991	0.258626638624453	0.17	0.103	1
"chr15-97894779-97900895"	0.000222355825117773	-0.273366752181092	0.05	0.315	1
"chr15-78594831-78595057"	0.000223149294127238	0.268521462214857	0.05	0.004	1
"chr6-146822056-146822397"	0.000225915734182923	0.306055017086273	0.05	0.002	1
"chr3-84268381-84273014"	0.000226467310886179	-0.255192248508189	0.1	0.417	1
"chr11-43610029-43611097"	0.000230223637338956	-0.2648127782857	0.01	0.154	1
"chr2-169928335-169930383"	0.000231693328489581	-0.269947464694664	0.02	0.196	1
"chr10-7269311-7269718"	0.000232313813539248	0.284358673122186	0.07	0.019	1
"chr3-81017207-81018283"	0.000237085080615277	-0.26403846671289	0.05	0.241	1
"chr16-13367479-13367890"	0.000237697047102837	0.28346233603398	0.08	0.027	1
"chr4-125419301-125421126"	0.000245618898628126	-0.270231684363444	0.02	0.202	1
"chr16-34119328-34121829"	0.000246300907391967	-0.26983445710471	0.03	0.229	1
"chr19-4314757-4315842"	0.000250304399116981	0.268287310527347	0.11	0.052	1
"chr10-120417212-120418274"	0.000251992879038158	-0.268500891209594	0.01	0.181	1
"chr17-70831812-70837194"	0.000255202985898367	-0.254373400521897	0.12	0.437	1
"chr17-12757872-12758468"	0.000256640661410798	0.270830931773768	0.09	0.027	1
"chr2-27590461-27592426"	0.00025667702234835	-0.257387382247416	0.01	0.175	1
"chr1-155063607-155065845"	0.000260056738910561	-0.268217283474421	0.02	0.227	1
"chr10-24108128-24109346"	0.000260263912575992	-0.262061548758906	0.02	0.176	1
"chr1-39330814-39331773"	0.00026465727190158	-0.267032097253782	0.01	0.175	1
"chr1-173420300-173420768"	0.000272056119656204	0.346922003731808	0.09	0.014	1
"chr10-112972590-112974052"	0.000275421958229744	-0.265303003221677	0.02	0.188	1
"chr5-102801480-102801867"	0.000276319333424409	0.259252027044276	0.07	0.022	1
"chr9-96835467-96836007"	0.000277965909974398	0.309643022989044	0.05	0.002	1
"chr9-15527728-15528409"	0.000280626849572648	0.254509931074819	0.14	0.062	1
"chr16-87602275-87604573"	0.000283964110087453	-0.261148940692645	0.08	0.322	1
"chr7-30357565-30360246"	0.000286471612519777	-0.264917532810671	0.01	0.18	1
"chr2-59829670-59830591"	0.000288755617200598	0.283644892741439	0.09	0.032	1
"chr14-55161056-55164633"	0.000296328597286987	-0.261790338173817	0.08	0.347	1
"chr7-90553374-90553773"	0.000296999542123375	0.277333294546798	0.1	0.035	1
"chr3-101513425-101514776"	0.000297154282266904	-0.253129267924407	0.01	0.154	1
"chr5-5722118-5723166"	0.000299712386298548	-0.265202051521312	0.01	0.168	1
"chr6-22325415-22327751"	0.000304307627740772	-0.268139064545082	0.04	0.261	1
"chr14-76698512-76699608"	0.000307436398440377	-0.270401057509446	0.02	0.228	1
"chr18-72532129-72532978"	0.000307476746451401	-0.258993343052155	0.01	0.149	1
"chr11-62760671-62762384"	0.000308843175827864	-0.270882737164403	0.03	0.224	1
"chr11-35963361-35964723"	0.000310231934629475	-0.2568228512315	0.07	0.313	1
"chr5-99010209-99011658"	0.000318337751169566	-0.2672719346688	0.02	0.219	1
"chr10-120013592-120015704"	0.000319239883087165	-0.261056561173939	0.04	0.232	1
"chr1-106618949-106619354"	0.000325795711236901	0.252150869862351	0.1	0.039	1
"chr2-163530260-163532869"	0.00032791654277967	-0.268463307927807	0.02	0.226	1
"chr5-112498901-112500603"	0.000331526332695208	-0.260321567025994	0.01	0.183	1
"chr4-87977837-87978374"	0.000339474692455791	0.263136019882173	0.1	0.045	1
"chr10-79695146-79696891"	0.000340762752222289	-0.269587330722509	0.05	0.288	1
"chr18-73862745-73864210"	0.000349508356209734	-0.2715033837714	0.02	0.226	1
"chr12-99346147-99348193"	0.000359653352995516	-0.267686559765784	0.04	0.237	1
"chr2-5599650-5601099"	0.000363290866020417	-0.268163963275943	0.05	0.256	1
"chr8-68432394-68433245"	0.00036690769272135	-0.264772935685431	0.02	0.189	1
"chr6-108866182-108866829"	0.000370289565212239	0.25364966559295	0.14	0.085	1
"chr2-127722222-127724722"	0.0003722910797502	-0.264559428912935	0.04	0.241	1
"chr3-96133243-96133665"	0.000374240459633148	0.371014918845649	0.07	0.005	1
"chr4-127323530-127325700"	0.000374537869706115	-0.257578698815732	0.03	0.21	1
"chr7-89398129-89398530"	0.000374769448792929	0.252713826467366	0.08	0.028	1
"chr3-35133450-35134142"	0.000378371232485146	0.257529242586889	0.13	0.076	1
"chr19-24063458-24064738"	0.00037959954145076	-0.264467617449155	0.03	0.219	1
"chr15-95837345-95839172"	0.000380203648065961	-0.26075019015144	0.01	0.174	1
"chr2-79575028-79575538"	0.000387690997464897	0.253584799865471	0.13	0.071	1
"chr7-131035572-131038110"	0.000389214883827721	-0.253779668240102	0.02	0.149	1
"chr6-141590027-141591236"	0.000390977462644049	-0.261007008374395	0.01	0.16	1
"chr17-69061965-69062901"	0.000393102858824436	-0.265142399736951	0.01	0.194	1
"chr9-59177694-59178049"	0.000394241225933844	0.293096950853254	0.05	0.002	1
"chr4-86689148-86691209"	0.000395808172083194	-0.262723470323512	0.06	0.246	1
"chr7-34968873-34969553"	0.000402763293558303	0.259045233645587	0.12	0.052	1
"chr9-42457399-42459466"	0.000414297758519272	-0.267548147897658	0.03	0.203	1
"chr6-137857203-137858157"	0.000414873473340588	-0.256652792493597	0.01	0.149	1
"chr6-108471876-108473270"	0.000417054637669112	-0.251974857770348	0.01	0.148	1
"chr10-78593645-78595026"	0.000420262150601863	-0.251200286218451	0.01	0.143	1
"chr17-54570648-54571649"	0.000428315061249903	-0.256651829639001	0.01	0.156	1
"chr12-40023072-40024387"	0.000429177207058877	-0.259723166373856	0.01	0.159	1
"chr7-119332396-119334756"	0.000429595659267281	-0.260936323509797	0.01	0.165	1
"chr5-134559809-134561262"	0.00043247824027552	-0.257555380973736	0.01	0.156	1
"chr17-47541949-47542333"	0.000435574434960496	0.273275887356007	0.05	0.003	1
"chr11-113290690-113293840"	0.0004391229301552	-0.267255211958567	0.05	0.29	1
"chr12-21200441-21201073"	0.000447106751292038	0.263131627763076	0.15	0.078	1
"chr2-166152690-166155916"	0.000455771858647175	-0.26303492994102	0.02	0.209	1
"chr18-74087954-74089837"	0.000458229930053295	-0.261612251041318	0.02	0.183	1
"chr3-137762525-137762778"	0.000458721624132913	0.262837700224858	0.07	0.022	1
"chr3-31075467-31076467"	0.000465136455205074	-0.263630680282275	0.04	0.272	1
"chr1-6343229-6343559"	0.000466863368955915	0.336799309302668	0.07	0.007	1
"chr11-58395835-58396113"	0.000469864099165152	0.316256665219701	0.07	0.013	1
"chr9-107278934-107281684"	0.000484169903168919	-0.263623201594521	0.03	0.223	1
"chr3-56067635-56068566"	0.000484481255042329	-0.262922864244308	0.03	0.196	1
"chr7-140092738-140096444"	0.000487398463572289	-0.258939334346978	0.05	0.239	1
"chr3-157582936-157583633"	0.000489200876470547	-0.25227355777393	0.01	0.141	1
"chr7-30558961-30560182"	0.000489418086392283	-0.268195895569419	0.04	0.276	1
"chr2-15036794-15037095"	0.00049254792045253	0.252514912999066	0.07	0.017	1
"chr3-14648553-14649387"	0.000497567999663237	-0.253578702309417	0.01	0.143	1
"chr6-42260383-42262545"	0.000507370576009024	-0.260014032293649	0.05	0.289	1
"chr1-152807461-152808804"	0.00050971515308689	-0.255591788431352	0.01	0.153	1
"chr5-44143459-44144743"	0.000509944027956578	-0.261095650012204	0.04	0.22	1
"chr10-84976667-84977002"	0.000513335885359731	0.264337644261948	0.07	0.026	1
"chr5-100379024-100380853"	0.000518475205674659	-0.26189377285584	0.03	0.205	1
"chr17-14225935-14229454"	0.000520367555465524	-0.257046815210779	0.07	0.298	1
"chr13-38497350-38497665"	0.000521806843019636	0.325058388812342	0.05	0.002	1
"chr19-14481722-14483139"	0.000522527982174597	-0.260594295635808	0.01	0.187	1
"chr13-37556847-37558027"	0.000543255656500132	-0.255934270586708	0.01	0.167	1
"chr8-96867856-96869506"	0.000552699961814911	-0.252671907307123	0.04	0.28	1
"chr10-102314282-102314629"	0.000559158754683975	0.306516311349566	0.06	0.007	1
"chr11-43409961-43410772"	0.000561394863860602	-0.252404053417436	0.01	0.139	1
"chr14-118566143-118566769"	0.000563045194434846	0.252808600686189	0.12	0.06	1
"chr8-83457040-83458966"	0.000563582607457414	-0.257837597163379	0.03	0.244	1
"chr19-17155996-17156536"	0.00056388378571847	0.279889932683944	0.08	0.022	1
"chr14-120603674-120604660"	0.000567025703633356	-0.257521116528485	0.02	0.173	1
"chr1-67055524-67056494"	0.000567269993062494	-0.252164892380941	0.01	0.149	1
"chr11-45809107-45811415"	0.000568678047225038	-0.256839248479155	0.06	0.279	1
"chr12-8864750-8866016"	0.000569120369762178	-0.256047982828605	0.06	0.334	1
"chr2-15112017-15113087"	0.000574039901652249	0.272164467223306	0.11	0.045	1
"chr13-6028482-6030024"	0.000590388267210843	-0.251066461920901	0.01	0.148	1
"chr13-53414271-53415581"	0.000604512360348913	-0.263594932827396	0.02	0.234	1
"chr8-104808428-104809921"	0.000607632447349547	-0.257896319719211	0.02	0.196	1
"chr4-139250139-139252586"	0.000609142528983701	-0.259360139127295	0.04	0.302	1
"chr15-9088021-9089799"	0.000609857415512285	-0.259256144881961	0.03	0.207	1
"chr4-108024528-108025906"	0.000616344285480239	-0.259796814416826	0.01	0.175	1
"chr1-34290157-34290578"	0.000625091651181655	0.259683325447106	0.07	0.019	1
"chr11-31838280-31839190"	0.000625998907085573	-0.25176883520617	0.01	0.154	1
"chr6-50357770-50359229"	0.000630003812470048	-0.259594411228141	0.02	0.21	1
"chr1-130796906-130799080"	0.000637022540525311	-0.254224063733809	0.09	0.329	1
"chr10-5208028-5208317"	0.000638287630828614	0.313433596065317	0.05	0.005	1
"chr2-155928947-155930723"	0.000645502701019474	-0.257756363174935	0.02	0.203	1
"chr8-48755436-48755870"	0.000646408456802902	0.271016852612444	0.09	0.03	1
"chr6-94644352-94649794"	0.000653385211321083	-0.260434388503008	0.05	0.273	1
"chr15-57704934-57706336"	0.000665338297370802	-0.250152677401986	0.01	0.164	1
"chr9-31995319-31999368"	0.00067184110135817	-0.25719364514434	0.05	0.269	1
"chr4-147275192-147275851"	0.000672826566008687	0.255233811267068	0.05	0.01	1
"chr5-38844308-38846030"	0.000680203158553608	-0.250535850266694	0.04	0.202	1
"chr12-82206671-82207878"	0.00070460270633534	-0.256565714790853	0.02	0.189	1
"chr2-127728407-127730390"	0.000705269330938529	-0.259937976040273	0.04	0.245	1
"chr13-34737987-34739502"	0.0007163549882256	-0.258479691004504	0.01	0.181	1
"chr9-4910440-4912181"	0.000721329403970292	-0.251844199212233	0.01	0.144	1
"chr3-55054364-55055639"	0.000724421559994479	-0.255719244887201	0.02	0.196	1
"chr13-75842611-75844679"	0.000728801983096766	-0.255147418205046	0.02	0.203	1
"chr7-134725576-134727412"	0.000732681053380437	-0.255373397695452	0.03	0.188	1
"chr2-140985554-140986894"	0.000733394262678455	-0.250381211759157	0.04	0.209	1
"chr7-4732739-4733696"	0.000737351658055761	-0.260528592194837	0.03	0.231	1
"chr5-119200962-119203266"	0.000743365336655757	-0.252365268048347	0.01	0.185	1
"chr17-48905140-48906437"	0.000760472021569649	-0.254417602785093	0.02	0.225	1
"chr17-28284574-28288602"	0.000783208603661606	-0.257097023282459	0.04	0.305	1
"chr19-11015328-11018969"	0.000789309932588156	-0.25925454729234	0.04	0.289	1
"chr18-11442137-11442881"	0.000789512602538921	-0.25719773574615	0.02	0.176	1
"chr3-104660361-104661145"	0.000802549346934666	-0.253673069653341	0.04	0.19	1
"chr16-25584281-25585508"	0.000820168961223405	-0.25878268401744	0.02	0.197	1
"chr11-59183020-59184773"	0.000827301981135741	-0.250553487964696	0.01	0.159	1
"chr15-77812863-77814712"	0.000828041406787129	-0.2512295197002	0.01	0.154	1
"chr7-116236589-116238328"	0.000846068865580777	-0.257095208999065	0.02	0.193	1
"chr4-114646389-114649076"	0.000888097026507195	-0.257831448272798	0.05	0.317	1
"chr8-56243274-56243799"	0.000909020378564743	0.262147462833317	0.09	0.03	1
"chr14-15906143-15906784"	0.000921768777499399	0.261287436732742	0.14	0.075	1
"chr3-28060370-28061895"	0.000923280992429781	-0.252377645289247	0.01	0.179	1
"chr17-44135724-44137288"	0.000931003104806656	-0.254299174211461	0.02	0.191	1
"chr6-140179728-140180642"	0.000935491065875357	-0.250471442231284	0.02	0.169	1
"chr15-83303454-83306077"	0.000964447256747275	-0.25133274867972	0.01	0.172	1
"chr14-14517934-14519316"	0.000970302028167725	-0.251046887391899	0.02	0.176	1
"chr7-35447388-35449979"	0.000974617245723862	-0.252829852106702	0.06	0.277	1
"chr4-98917358-98918695"	0.000975453074722475	-0.253494957751522	0.03	0.221	1
"chr9-30895638-30898012"	0.000976466829856743	-0.252885079806027	0.04	0.237	1
"chr15-95880220-95881370"	0.00101281834845632	-0.253674733843573	0.05	0.251	1
"chr13-37476253-37479564"	0.00102115703687834	-0.252493156340859	0.05	0.28	1
"chr16-44025819-44027263"	0.00103453007286901	-0.252414486224479	0.04	0.209	1
"chr3-155962498-155962816"	0.00105488338109009	0.324395886988375	0.08	0.019	1
"chr14-25207415-25209458"	0.00107172748859225	-0.252355870663826	0.02	0.198	1
"chr3-84281433-84284346"	0.00107407802740165	-0.254379085888948	0.03	0.23	1
"chr12-41084098-41084944"	0.00107759624430083	-0.252078782640199	0.02	0.17	1
"chrX-145543593-145544433"	0.00111314616702637	-0.250484606198182	0.03	0.173	1
"chr2-178618274-178619331"	0.00111711620237761	0.307377207748909	0.09	0.02	1
"chr16-49803832-49804478"	0.00120927396362359	0.297378998218698	0.09	0.034	1
"chr3-38381659-38382083"	0.00124858269840001	0.27466621405885	0.09	0.03	1
"chr2-83623088-83623613"	0.00129046883426035	0.253388526066075	0.05	0.006	1
"chr7-102222223-102224838"	0.00142307428752278	-0.252026741821659	0.05	0.227	1
"chr3-136707560-136708684"	0.00142696192147975	0.260789001200388	0.13	0.062	1
"chr1-185501933-185503656"	0.00147233492350872	-0.253854825854252	0.03	0.227	1
"chr3-10317911-10319949"	0.00147471170129275	-0.251411137376686	0.03	0.2	1
"chr7-80970557-80971836"	0.0015362640714311	-0.252773792027776	0.02	0.198	1
"chr3-51868316-51869093"	0.00156499953728235	0.348288213226881	0.06	0.006	1
"chr4-86911352-86912582"	0.00159506242809919	-0.250059675196599	0.02	0.227	1
"chr7-16364219-16366669"	0.00163101955327212	-0.250525814232178	0.03	0.236	1
"chr2-29483039-29484483"	0.0016765913979874	-0.250840020399457	0.03	0.214	1
"chr12-100190609-100192392"	0.00171988743064631	-0.250766700234309	0.04	0.213	1
"chr10-7118311-7118838"	0.00172243512505807	0.251699593538311	0.09	0.035	1
"chr7-123293934-123294841"	0.00179780216127929	0.266540164862292	0.05	0.004	1
"chr2-180732018-180732702"	0.0019193262128101	0.280194765339586	0.08	0.019	1
"chr3-146426570-146427113"	0.00193940774142637	0.279056194694648	0.1	0.039	1
"chr4-83438993-83439434"	0.00195956445268008	0.250364969920916	0.08	0.044	1
"chr1-119494286-119495687"	0.00209693927841878	0.260807079998863	0.05	0.006	1
"chr14-57718285-57718576"	0.00222708635647477	0.313310407323098	0.05	0.004	1
"chr19-23955630-23956980"	0.00227948561466672	0.283368044985312	0.11	0.03	1
"chr6-50241523-50241924"	0.00230669720926115	0.250775704808288	0.05	0.006	1
"chr5-53187239-53187633"	0.00268624073122494	0.2868483025117	0.05	0.004	1
"chr11-118360467-118361217"	0.00280687865231951	0.272733239937784	0.08	0.02	1
"chr18-44365817-44366689"	0.00285638206528558	0.257725591638835	0.08	0.031	1
"chr6-146959751-146960406"	0.00312760379168671	0.260875064546645	0.14	0.063	1
"chr6-59073172-59073580"	0.00322451872790007	0.306685025413211	0.05	0.004	1
"chr14-119040279-119040593"	0.0033656631884393	0.261338197309954	0.05	0.007	1
"chr2-121090615-121090929"	0.00375298848328232	0.259478948309166	0.06	0.008	1
"chr18-20223466-20223945"	0.0039504620445256	0.258080418663783	0.08	0.033	1
"chr15-68960469-68960821"	0.00414024351097794	0.305139165798471	0.05	0.004	1
"chr14-54437532-54438717"	0.00444646037645267	0.290938997934992	0.08	0.017	1
"chr12-90738804-90739056"	0.00488634273991811	0.255659927897497	0.05	0.011	1
"chr14-76748187-76749457"	0.00496638590730878	0.256443293637318	0.09	0.04	1
"chr14-17685617-17685838"	0.00505206988095868	0.276309047261937	0.05	0.007	1
"chr8-72780282-72781067"	0.00654649787329767	0.295468279689287	0.07	0.012	1
"chr6-8270369-8271454"	0.00683089539023861	0.256801363127825	0.09	0.033	1
"chr3-132746702-132747375"	0.00784550233988175	0.295902398047874	0.07	0.01	1
"chr3-32441302-32441689"	0.00858884073390894	0.282187341580736	0.05	0.003	1
"chr13-40913354-40914352"	0.00919705695949234	0.309532021475378	0.07	0.011	1
"chr16-84790575-84790948"	0.0114900028435582	0.259888697331185	0.07	0.024	1
"chr12-116590941-116591427"	0.0175039566646209	0.288916985968345	0.07	0.013	1
"chr12-116386777-116387296"	0.0211972324884701	0.296202791890907	0.08	0.019	1
"chr7-103860992-103861245"	0.0215580259795259	0.275364392886442	0.05	0.007	1
"chr8-116525793-116526224"	0.022842568424643	0.256864255319987	0.06	0.012	1
"chr1-171537663-171539002"	0.0293083072649714	0.254030240682087	0.09	0.022	1
